time,value
0,10.0
1,10.050953214742242
2,10.10175825723171
3,10.152415263781668
4,10.20292437070537
5,10.253285714316082
6,10.303499430927067
7,10.353565656851593
8,10.403484528402906
9,10.45325618189428
10,10.502880753638976
11,10.552358379950256
12,10.601689197141377
13,10.650873341525605
14,10.699910949416198
15,10.748802157126429
16,10.797547100969547
17,10.846145917258816
18,10.894598742307505
19,10.942905712428871
20,10.991066963936175
21,11.039082633142682
22,11.086952856361654
23,11.13467776990635
24,11.182257510090032
25,11.229692213225967
26,11.276982015627407
27,11.32412705360763
28,11.371127463479882
29,11.41798338155743
30,11.464694944153539
31,11.511262287581474
32,11.557685548154486
33,11.603964862185844
34,11.650100365988807
35,11.696092195876647
36,11.741940488162609
37,11.787645379159967
38,11.833207005181983
39,11.878625502541913
40,11.923901007553022
41,11.969033656528572
42,12.014023585781823
43,12.058870931626043
44,12.103575830374487
45,12.148138418340416
46,12.192558831837095
47,12.236837207177793
48,12.28097368067576
49,12.324968388644267
50,12.36882146739657
51,12.412533053245934
52,12.456103282505618
53,12.499532291488888
54,12.542820216509002
55,12.585967193879226
56,12.62897335991282
57,12.671838850923043
58,12.714563803223163
59,12.757148353126441
60,12.79959263694613
61,12.841896790995504
62,12.884060951587815
63,12.92608525503633
64,12.967969837654318
65,13.009714835755027
66,13.051320385651724
67,13.092786623657677
68,13.134113686086138
69,13.175301709250375
70,13.216350829463652
71,13.257261183039228
72,13.298032906290368
73,13.338666135530325
74,13.37916100707237
75,13.419517657229761
76,13.45973622231576
77,13.499816838643628
78,13.539759642526635
79,13.579564770278033
80,13.619232358211091
81,13.658762542639062
82,13.698155459875219
83,13.737411246232814
84,13.776530038025117
85,13.815511971565385
86,13.85435718316688
87,13.893065809142863
88,13.931637985806605
89,13.970073849471355
90,14.008373536450387
91,14.04653718305695
92,14.084564925604317
93,14.122456900405748
94,14.1602132437745
95,14.197834092023836
96,14.235319581467026
97,14.272669848417321
98,14.30988502918799
99,14.346965260092293
100,14.383910677443486
101,14.420721417554846
102,14.45739761673962
103,14.493939411311075
104,14.530346937582477
105,14.56662033186708
106,14.60275973047815
107,14.638765269728953
108,14.674637085932744
109,14.710375315402793
110,14.745980094452351
111,14.781451559394691
112,14.816789846543069
113,14.851995092210746
114,14.887067432710987
115,14.922007004357052
116,14.956813943462203
117,14.991488386339707
118,15.026030469302817
119,15.060440328664802
120,15.094718100738923
121,15.128863921838438
122,15.162877928276615
123,15.196760256366705
124,15.230511042421982
125,15.264130422755708
126,15.297618533681135
127,15.330975511511529
128,15.364201492560158
129,15.397296613140275
130,15.430261009565148
131,15.463094818148038
132,15.495798175202198
133,15.528371217040911
134,15.560814079977419
135,15.59312690032499
136,15.62530981439689
137,15.657362958506372
138,15.689286468966708
139,15.721080482091155
140,15.752745134192976
141,15.784280561585437
142,15.815686900581785
143,15.846964287495299
144,15.878112858639238
145,15.909132750326853
146,15.940024098871417
147,15.970787040586183
148,16.001421711784424
149,16.031928248779398
150,16.06230678788436
151,16.092557465412575
152,16.122680417677312
153,16.152675780991828
154,16.182543691669384
155,16.21228428602324
156,16.241897700366664
157,16.271384071012918
158,16.30074353427525
159,16.32997622646694
160,16.35908228390124
161,16.388061842891418
162,16.416915039750734
163,16.44564201079244
164,16.474242892329812
165,16.50271782067611
166,16.531066932144583
167,16.559290363048508
168,16.587388249701142
169,16.615360728415737
170,16.64320793550558
171,16.670930007283907
172,16.69852708006399
173,16.725999290159095
174,16.75334677388247
175,16.780569667547397
176,16.807668107467123
177,16.834642229954916
178,16.861492171324034
179,16.888218067887745
180,16.91482005595931
181,16.941298271851988
182,16.967652851879034
183,16.993883932353725
184,17.01999164958931
185,17.045976139899057
186,17.071837539596235
187,17.09757598499409
188,17.12319161240589
189,17.148684558144907
190,17.174054958524394
191,17.19930294985761
192,17.224428668457822
193,17.24943225063829
194,17.27431383271228
195,17.299073550993047
196,17.323711541793855
197,17.34822794142798
198,17.372622886208656
199,17.396896512449167
200,17.421048956462766
201,17.44508035456272
202,17.468990843062297
203,17.492780558274738
204,17.51644963651332
205,17.53999821409131
206,17.563426427321946
207,17.58673441251852
208,17.609922305994278
209,17.632990244062483
210,17.655938363036398
211,17.67876679922928
212,17.701475688954403
213,17.72406516852502
214,17.746535374254385
215,17.76888644245578
216,17.791118509442455
217,17.81323171152767
218,17.835226185024702
219,17.857102066246792
220,17.878859491507214
221,17.900498597119228
222,17.922019519396088
223,17.943422394651073
224,17.96470735919743
225,17.985874549348427
226,18.006924101417333
227,18.02785615171739
228,18.048670836561875
229,18.069368292264055
230,18.08994865513717
231,18.110412061494507
232,18.130758647649312
233,18.150988549914853
234,18.1711019046044
235,18.191098848031192
236,18.210979516508512
237,18.230744046349614
238,18.250392573867757
239,18.26992523537621
240,18.28934216718823
241,18.308643505617074
242,18.327829386976024
243,18.346899947578315
244,18.36585532373723
245,18.384695651766023
246,18.403421067977952
247,18.42203170868629
248,18.440527710204286
249,18.45890920884521
250,18.477176340922327
251,18.495329242748884
252,18.513368050638157
253,18.53129290090341
254,18.549103929857882
255,18.566801273814868
256,18.58438506908761
257,18.60185545198937
258,18.61921255883342
259,18.636456525933003
260,18.653587489601403
261,18.67060558615187
262,18.68751095189767
263,18.70430372315207
264,18.720984036228312
265,18.737552027439676
266,18.754007833099422
267,18.7703515895208
268,18.786583433017093
269,18.802703499901547
270,18.818711926487424
271,18.834608849088
272,18.850394404016516
273,18.86606872758625
274,18.88163195611046
275,18.897084225902397
276,18.912425673275344
277,18.927656434542545
278,18.942776646017265
279,18.95778644401278
280,18.97268596484233
281,18.9874753448192
282,19.002154720256637
283,19.016724227467897
284,19.031184002766263
285,19.045534182464976
286,19.05977490287731
287,19.073906300316537
288,19.087928511095893
289,19.101841671528653
290,19.115645917928077
291,19.12934138660743
292,19.14292821387998
293,19.156406536058977
294,19.169776489457682
295,19.183038210389377
296,19.196191835167298
297,19.20923750010472
298,19.2221753415149
299,19.23500549571111
300,19.247728099006604
301,19.260343287714644
302,19.272851198148498
303,19.285251966621423
304,19.297545729446675
305,19.309732622937524
306,19.321812783407232
307,19.333786347169056
308,19.345653450536265
309,19.357414229822115
310,19.369068821339866
311,19.380617361402788
312,19.39205998632414
313,19.40339683241718
314,19.414628035995182
315,19.42575373337138
316,19.436774060859065
317,19.44768915477149
318,19.45849915142191
319,19.4692041871236
320,19.479804398189813
321,19.490299920933808
322,19.500690891668853
323,19.510977446708207
324,19.52115972236514
325,19.531237854952902
326,19.541211980784755
327,19.551082236173976
328,19.560848757433806
329,19.570511680877523
330,19.580071142818387
331,19.58952727956965
332,19.598880227444592
333,19.608130122756453
334,19.61727710181851
335,19.62632130094402
336,19.635262856446243
337,19.644101904638447
338,19.652838581833883
339,19.66147302434583
340,19.670005368487544
341,19.678435750572277
342,19.686764306913293
343,19.694991173823865
344,19.703116487617237
345,19.711140384606697
346,19.719063001105486
347,19.726884473426864
348,19.734604937884114
349,19.74222453079047
350,19.749743388459223
351,19.757161647203613
352,19.76447944333691
353,19.771696913172377
354,19.778814193023276
355,19.785831419202864
356,19.792748728024414
357,19.799566255801178
358,19.806284138846422
359,19.812902513473404
360,19.81942151599538
361,19.825841282725623
362,19.832161949977404
363,19.838383654063964
364,19.84450653129858
365,19.8505307179945
366,19.856456350465
367,19.862283565023336
368,19.868012497982757
369,19.873643285656556
370,19.879176064357967
371,19.88461097040026
372,19.889948140096706
373,19.89518770976056
374,19.900329815705078
375,19.90537459424353
376,19.910322181689175
377,19.915172714355272
378,19.919926328555096
379,19.924583160601887
380,19.929143346808928
381,19.93360702348947
382,19.937974326956773
383,19.942245393524114
384,19.946420359504728
385,19.950499361211907
386,19.954482534958892
387,19.958370017058957
388,19.962161943825354
389,19.96585845157135
390,19.96945967661021
391,19.972965755255192
392,19.976376823819553
393,19.97969301861657
394,19.982914475959493
395,19.986041332161584
396,19.98907372353611
397,19.992011786396322
398,19.994855657055496
399,19.997605471826887
400,20.000261367023764
401,20.002823478959378
402,20.005291943946997
403,20.007666898299885
404,20.0099484783313
405,20.012136820354506
406,20.014232060682758
407,20.01623433562933
408,20.018143781507476
409,20.019960534630453
410,20.02168473131154
411,20.023316507863985
412,20.02485600060105
413,20.026303345836006
414,20.02765867988211
415,20.02892213905262
416,20.030093859660802
417,20.03117397801992
418,20.032162630443228
419,20.033059953243995
420,20.033866082735482
421,20.034581155230956
422,20.035205307043665
423,20.035738674486883
424,20.036181393873868
425,20.036533601517878
426,20.036795433732188
427,20.03696702683004
428,20.037048517124713
429,20.037040040929465
430,20.03694173455755
431,20.036753734322236
432,20.03647617653679
433,20.03610919751446
434,20.035652933568525
435,20.035107521012236
436,20.034473096158855
437,20.033749795321647
438,20.032937754813876
439,20.0320371109488
440,20.03104800003968
441,20.029970558399786
442,20.028804922342367
443,20.027551228180695
444,20.02620961222803
445,20.024780210797626
446,20.02326316020276
447,20.021658596756687
448,20.01996665677266
449,20.018187476563952
450,20.016321192443826
451,20.014367940725535
452,20.01232785772235
453,20.010201079747528
454,20.00798774311433
455,20.005687984136017
456,20.003301939125855
457,20.0008297443971
458,19.998271536263026
459,19.99562745103688
460,19.992897625031937
461,19.990082194561452
462,19.987181295938687
463,19.98419506547691
464,19.981123639489375
465,19.977967154289342
466,19.974725746190078
467,19.971399551504852
468,19.967988706546915
469,19.96449334762953
470,19.960913611065966
471,19.95724963316948
472,19.95350155025333
473,19.949669498630787
474,19.945753614615107
475,19.94175403451955
476,19.937670894657387
477,19.933504331341872
478,19.929254480886275
479,19.924921479603842
480,19.920505463807856
481,19.916006569811557
482,19.911424933928224
483,19.90676069247111
484,19.902013981753484
485,19.897184938088603
486,19.89227369778973
487,19.887280397170123
488,19.88220517254305
489,19.877048160221772
490,19.871809496519553
491,19.866489317749643
492,19.861087760225317
493,19.855604960259836
494,19.850041054166454
495,19.84439617825844
496,19.83867046884905
497,19.83286406225155
498,19.826977094779206
499,19.82100970274527
500,19.814962022463007
501,19.808834190245683
502,19.802626342406562
503,19.7963386152589
504,19.78997114511596
505,19.78352406829101
506,19.776997521097297
507,19.7703916398481
508,19.763706560856665
509,19.75694242043627
510,19.750099354900176
511,19.743177500561632
512,19.73617699373391
513,19.729097970730262
514,19.721940567863957
515,19.71470492144826
516,19.707391167796423
517,19.699999443221724
518,19.69252988403741
519,19.684982626556746
520,19.677357807093
521,19.669655561959427
522,19.66187602746929
523,19.65401933993586
524,19.646085635672385
525,19.63807505099214
526,19.629987722208377
527,19.621823785634366
528,19.61358337758336
529,19.60526663436863
530,19.59687369230343
531,19.588404687701022
532,19.57985975687468
533,19.57123903613765
534,19.562542661803203
535,19.553770770184606
536,19.54492349759511
537,19.53600098034798
538,19.527003354756477
539,19.51793075713387
540,19.508783323793413
541,19.49956119104837
542,19.490264495212013
543,19.48089337259758
544,19.471447959518358
545,19.461928392287597
546,19.45233480721856
547,19.44266734062451
548,19.432926128818707
549,19.42311130811442
550,19.413223014824897
551,19.40326138526342
552,19.393226555743233
553,19.3831186625776
554,19.372937842079793
555,19.36268423056307
556,19.352357964340687
557,19.34195917972591
558,19.331488013032004
559,19.32094460057223
560,19.310329078659844
561,19.299641583608114
562,19.288882251730293
563,19.27805121933966
564,19.26714862274946
565,19.256174598272963
566,19.245129282223434
567,19.234012810914127
568,19.22282532065831
569,19.21156694776924
570,19.200237828560184
571,19.188838099344405
572,19.17736789643515
573,19.165827356145698
574,19.15421661478931
575,19.14253580867924
576,19.130785074128752
577,19.11896454745111
578,19.107074364959576
579,19.095114662967408
580,19.083085577787877
581,19.070987245734234
582,19.058819803119746
583,19.046583386257677
584,19.034278131461285
585,19.021904175043836
586,19.009461653318592
587,18.996950702598806
588,18.984371459197753
589,18.971724059428684
590,18.959008639604868
591,18.94622533603956
592,18.933374285046032
593,18.92045562293754
594,18.907469486027342
595,18.894416010628706
596,18.881295333054897
597,18.868107589619164
598,18.854852916634783
599,18.84153145041501
600,18.828143327273104
601,18.81468868352233
602,18.80116765547595
603,18.787580379447228
604,18.773926991749427
605,18.7602076286958
606,18.746422426599615
607,18.732571521774137
608,18.71865505053262
609,18.704673149188334
610,18.690625954054536
611,18.676513601444487
612,18.662336227671457
613,18.648093969048706
614,18.63378696188948
615,18.61941534250706
616,18.604979247214704
617,18.590478812325667
618,18.575914174153215
619,18.56128546901061
620,18.546592833211115
621,18.53183640306799
622,18.5170163148945
623,18.502132705003905
624,18.487185709709465
625,18.47217546532444
626,18.457102108162104
627,18.441965774535703
628,18.426766600758516
629,18.411504723143793
630,18.39618027800479
631,18.38079340165478
632,18.365344230407025
633,18.349832900574786
634,18.33425954847132
635,18.318624310409895
636,18.30292732270377
637,18.287168721666205
638,18.271348643610462
639,18.25546722484981
640,18.239524601697507
641,18.22352091046681
642,18.207456287470983
643,18.191330869023293
644,18.175144791436995
645,18.158898191025365
646,18.142591204101645
647,18.12622396697911
648,18.109796615971014
649,18.093309287390632
650,18.076762117551212
651,18.06015524276602
652,18.04348879934832
653,18.02676292361138
654,18.009977751868444
655,17.993133420432798
656,17.97623006561768
657,17.95926782373637
658,17.942246831102118
659,17.925167224028193
660,17.908029138827853
661,17.890832711814365
662,17.873578079300987
663,17.856265377600984
664,17.838894743027613
665,17.82146631189414
666,17.803980220513825
667,17.78643660519993
668,17.768835602265717
669,17.751177348024456
670,17.733461978789396
671,17.715689630873797
672,17.697860440590933
673,17.679974544254065
674,17.66203207817645
675,17.644033178671354
676,17.625977982052024
677,17.60786662463175
678,17.58969924272377
679,17.571475972641355
680,17.553196950697767
681,17.53486231320626
682,17.51647219648011
683,17.498026736832568
684,17.47952607057691
685,17.46097033402637
686,17.44235966349424
687,17.423694195293766
688,17.40497406573821
689,17.386199411140844
690,17.367370367814924
691,17.34848707207371
692,17.32954966023046
693,17.31055826859845
694,17.291513033490926
695,17.272414091221158
696,17.253261578102403
697,17.234055630447937
698,17.214796384571006
699,17.195483976784875
700,17.176118543402815
701,17.15670022073808
702,17.137229145103937
703,17.117705452813638
704,17.098129280180455
705,17.07850076351765
706,17.058820039138478
707,17.039087243356203
708,17.019302512484092
709,16.9994659828354
710,16.979577790723393
711,16.95963807246133
712,16.93964696436248
713,16.9196046027401
714,16.899511123907455
715,16.8793666641778
716,16.859171359864398
717,16.83892534728052
718,16.81862876273942
719,16.798281742554355
720,16.777884423038604
721,16.757436940505414
722,16.736939431268052
723,16.71639203163978
724,16.69579487793386
725,16.675148106463553
726,16.654451853542124
727,16.633706255482835
728,16.612911448598936
729,16.592067569203707
730,16.571174753610396
731,16.55023313813227
732,16.529242859082593
733,16.508204052774627
734,16.48711685552163
735,16.46598140363687
736,16.444797833433597
737,16.423566281225085
738,16.4022868833246
739,16.380959776045387
740,16.359585095700716
741,16.338162978603854
742,16.316693561068057
743,16.295176979406587
744,16.27361336993271
745,16.252002868959686
746,16.230345612800775
747,16.20864173776924
748,16.186891380178345
749,16.16509467634135
750,16.14325176257152
751,16.121362775182106
752,16.09942785048639
753,16.077447124797608
754,16.05542073442905
755,16.03334881569396
756,16.011231504905602
757,15.989068938377235
758,15.966861252422131
759,15.94460858335355
760,15.922311067484745
761,15.899968841128986
762,15.877582040599536
763,15.85515080220965
764,15.832675262272595
765,15.810155557101629
766,15.787591823010018
767,15.764984196311024
768,15.742332813317907
769,15.719637810343926
770,15.69689932370235
771,15.674117489706438
772,15.651292444669446
773,15.628424324904646
774,15.605513266725294
775,15.582559406444656
776,15.559562880375985
777,15.536523824832553
778,15.513442376127614
779,15.490318670574437
780,15.467152844486279
781,15.443945034176403
782,15.420695375958076
783,15.397404006144553
784,15.374071061049099
785,15.350696676984974
786,15.327280990265445
787,15.303824137203769
788,15.28032625411321
789,15.256787477307025
790,15.233207943098485
791,15.209587787800844
792,15.185927147727371
793,15.16222615919132
794,15.138484958505956
795,15.114703681984546
796,15.090882465940348
797,15.067021446686624
798,15.043120760536631
799,15.019180543803644
800,14.995200933211528
801,14.971182152535505
802,14.947124619773785
803,14.923028779204227
804,14.898895075104704
805,14.874723951753074
806,14.850515853427188
807,14.826271224404923
808,14.801990508964137
809,14.777674151382689
810,14.753322595938448
811,14.728936286909262
812,14.704515668573015
813,14.68006118520755
814,14.655573281090739
815,14.63105240050044
816,14.606498987714518
817,14.581913487010835
818,14.557296342667254
819,14.532647998961636
820,14.507968900171846
821,14.48325949057574
822,14.458520214451182
823,14.433751516076047
824,14.408953839728174
825,14.38412762968545
826,14.359273330225717
827,14.33439138562685
828,14.309482240166705
829,14.284546338123146
830,14.259584123774037
831,14.23459604139724
832,14.209582535270611
833,14.184544049672024
834,14.159481028879334
835,14.134393917170403
836,14.109283158823096
837,14.084149198115266
838,14.058992479324793
839,14.033813446729527
840,14.008612544607328
841,13.98339021723607
842,13.958146908893605
843,13.932883063857798
844,13.907599126406511
845,13.882295540817607
846,13.856972751368952
847,13.831631202338407
848,13.806271338003823
849,13.780893602643083
850,13.755498440534032
851,13.730086295954536
852,13.704657613182464
853,13.679212836495667
854,13.653752410172018
855,13.628276778489377
856,13.6027863857256
857,13.577281676158565
858,13.551763094066116
859,13.526231083726117
860,13.500686089416446
861,13.475128555414946
862,13.449558925999494
863,13.423977645447948
864,13.398385158038165
865,13.372781908048013
866,13.347168339755354
867,13.321544897438047
868,13.295912025373957
869,13.270270167840945
870,13.244619769116877
871,13.21896127347961
872,13.193295125207007
873,13.167621768576936
874,13.141941647867256
875,13.116255207355822
876,13.09056289132051
877,13.064865144039166
878,13.039162409789668
879,13.013455132849874
880,12.98774375749764
881,12.962028728010832
882,12.936310488667315
883,12.910589483744946
884,12.884866157521595
885,12.85914095427511
886,12.833414318283372
887,12.807686693824234
888,12.781958525175554
889,12.756230256615202
890,12.730502332421036
891,12.704775196870917
892,12.679049294242715
893,12.653325068814283
894,12.627602964863486
895,12.601883426668195
896,12.576166898506255
897,12.550453824655547
898,12.524744649393918
899,12.499039816999241
900,12.473339771749373
901,12.447644957922176
902,12.421955819795519
903,12.396272801647253
904,12.370596347755248
905,12.344926902397367
906,12.319264909851467
907,12.293610814395416
908,12.267965060307075
909,12.242328091864298
910,12.216700353344958
911,12.191082289026918
912,12.16547434318803
913,12.139876960106164
914,12.11429058405918
915,12.088715659324944
916,12.063152630181314
917,12.037601940906146
918,12.012064035777318
919,11.986539359072685
920,11.961028355070104
921,11.935531468047442
922,11.910049142282562
923,11.884581822053324
924,11.859129951637591
925,11.833693975313228
926,11.808274337358098
927,11.782871482050057
928,11.757485853666967
929,11.7321178964867
930,11.706768054787107
931,11.68143677284606
932,11.65612449494142
933,11.630831665351037
934,11.605558728352788
935,11.580306128224537
936,11.555074309244125
937,11.529863715689439
938,11.504674791838323
939,11.479507981968654
940,11.454363730358287
941,11.42924248128508
942,11.404144679026905
943,11.37907076786162
944,11.35402119206708
945,11.328996395921159
946,11.303996823701713
947,11.279022919686604
948,11.2540751281537
949,11.229153893380856
950,11.20425965964594
951,11.179392871226812
952,11.154553972401327
953,11.129743407447364
954,11.104961620642769
955,11.080209056265415
956,11.055486158593162
957,11.030793371903863
958,11.006131140475393
959,10.981499908585615
960,10.956900120512374
961,10.932332220533555
962,10.907796652926997
963,10.883293861970582
964,10.858824291942168
965,10.834388387119608
966,10.809986591780774
967,10.78561935020352
968,10.76128710666572
969,10.736990305445227
970,10.712729390819902
971,10.688504807067615
972,10.664316998466225
973,10.640166409293586
974,10.616053483827576
975,10.591978666346042
976,10.567942401126862
977,10.543945132447888
978,10.519987304586978
979,10.49606936182201
980,10.47219174843083
981,10.448354908691304
982,10.424559286881305
983,10.400805327278682
984,10.377093474161306
985,10.353424171807038
986,10.329797864493733
987,10.306214996499264
988,10.282676012101488
989,10.259181355578262
990,10.23573147120746
991,10.212326803266935
992,10.188967796034552
993,10.165654893788178
994,10.142388540805664
995,10.119169181364885
996,10.095997259743697
997,10.072873220219961
998,10.049797507071546
999,10.0267705645763
1000,10.003792837012101
1001,9.980864768656808
1002,9.957986803788273
1003,9.935159386684372
1004,9.91238296162296
1005,9.8896579728819
1006,9.866984864739054
1007,9.844364081472284
1008,9.821796067359456
1009,9.799281266678431
1010,9.776820123707063
1011,9.754413082723229
1012,9.73206058800478
1013,9.70976308382958
1014,9.687521014475498
1015,9.665334824220384
1016,9.643204957342116
1017,9.621131858118545
1018,9.599115970827533
1019,9.57715773974695
1020,9.555257609154657
1021,9.533416023328503
1022,9.51163342654637
1023,9.489910263086102
1024,9.468246977225581
1025,9.446644013242656
1026,9.425101815415184
1027,9.40362082802104
1028,9.382201495338082
1029,9.360844261644173
1030,9.339549571217173
1031,9.318317868334946
1032,9.297149597275352
1033,9.276045202316258
1034,9.255005127735519
1035,9.234029817811006
1036,9.213119716820572
1037,9.192275269042089
1038,9.171496918753412
1039,9.150785110232405
1040,9.130140287756936
1041,9.109562895604858
1042,9.08905337805404
1043,9.06861217938234
1044,9.048239743867622
1045,9.02793651578775
1046,9.007702939420588
1047,8.98753945904399
1048,8.967446518935827
1049,8.947424563373959
1050,8.927474036636243
1051,8.907595383000547
1052,8.887789046744732
1053,8.868055472146663
1054,8.848395103484199
1055,8.828808385035199
1056,8.80929576107753
1057,8.789857675889056
1058,8.770494573747632
1059,8.75120689893113
1060,8.731995095717405
1061,8.712859608384322
1062,8.693800881209746
1063,8.674819358471531
1064,8.655915484447547
1065,8.637089703415654
1066,8.618342459653713
1067,8.59967419743959
1068,8.58108536105114
1069,8.562576394766236
1070,8.544147742862732
1071,8.525799849618489
1072,8.507533159311377
1073,8.489348116219254
1074,8.471245164619981
1075,8.453224748791424
1076,8.43528731301144
1077,8.417433301557898
1078,8.399663158708657
1079,8.381977328741575
1080,8.364376255934523
1081,8.346860384565359
1082,8.329430158911938
1083,8.312086023252137
1084,8.294828421863807
1085,8.277657799024814
1086,8.260574599013024
1087,8.24357926610629
1088,8.226672244582481
1089,8.20985397871946
1090,8.193124912795088
1091,8.17648549108723
1092,8.159936157873737
1093,8.143477357432486
1094,8.127109534041333
1095,8.110833131978135
1096,8.094648595520763
1097,8.078556368947073
1098,8.06255689653493
1099,8.0466506225622
1100,8.030837991306738
1101,8.015119447046413
1102,7.999495434059084
1103,7.983966396622609
1104,7.968532779014859
1105,7.95319502551369
1106,7.937953580396968
1107,7.922808887942555
1108,7.9077613924283074
1109,7.892811538132095
1110,7.877959769331778
1111,7.863206530305217
1112,7.848552265330276
1113,7.833997418684815
1114,7.819542434646699
1115,7.8051877574937905
1116,7.7909338315039465
1117,7.776781100955038
1118,7.76273001012492
1119,7.748781003291458
1120,7.734934524732513
1121,7.721191018725948
1122,7.707550929549627
1123,7.69401470148141
1124,7.68058277879916
1125,7.6672556057807375
1126,7.65403362670401
1127,7.640917285846833
1128,7.627907027487074
1129,7.615003295902591
1130,7.602206535371252
1131,7.589517190170916
1132,7.5769357045794425
1133,7.564462522874698
1134,7.552098089334546
1135,7.539842848236844
1136,7.527697243859457
1137,7.515661720480246
1138,7.503736722377076
1139,7.491922693827807
1140,7.480220079110301
1141,7.468629322502421
1142,7.4571508682820316
1143,7.44578516072699
1144,7.434532644115164
1145,7.423393762724412
1146,7.412368960832598
1147,7.4014586827175854
1148,7.390663372657233
1149,7.379983474929408
1150,7.369419433811968
1151,7.358971693582776
1152,7.348640698519698
1153,7.338426892900591
1154,7.328330721003324
1155,7.318352627105754
1156,7.308493055485743
1157,7.298752450421155
1158,7.2891312561898545
1159,7.279629917069702
1160,7.27024887733856
1161,7.260988581274287
1162,7.251849473154749
1163,7.242831997257811
1164,7.233936597861328
1165,7.22516371924317
1166,7.2165138056811955
1167,7.207987301453267
1168,7.199584650837246
1169,7.191306298110997
1170,7.183152687552381
1171,7.175124263439259
1172,7.167221470049494
1173,7.159444751660953
1174,7.151794552551491
1175,7.144271316998973
1176,7.136875489281264
1177,7.1296075136762225
1178,7.122467834461715
1179,7.1154568959156
1180,7.10857514231574
1181,7.10182301794
1182,7.09520096706624
1183,7.0887094339723244
1184,7.082348862936112
1185,7.076119698235468
1186,7.070022384148256
1187,7.064057364952334
1188,7.058225084925566
1189,7.052525988345817
1190,7.046960519490947
1191,7.041529122638818
1192,7.036232242067294
1193,7.031070322054234
1194,7.026043806877503
1195,7.021153140814963
1196,7.016398768144477
1197,7.011781133143904
1198,7.0073006800911095
1199,7.002957853263956
1200,6.998753092241326
1201,6.994686473040301
1202,6.990757455415487
1203,6.9869654394270375
1204,6.983309825135108
1205,6.9797900125998575
1206,6.97640540188144
1207,6.973155393040014
1208,6.970039386135733
1209,6.967056781228756
1210,6.964206978379235
1211,6.9614893776473314
1212,6.958903379093198
1213,6.956448382776991
1214,6.954123788758871
1215,6.951928997098987
1216,6.949863407857502
1217,6.947926421094567
1218,6.946117436870341
1219,6.94443585524498
1220,6.942881076278639
1221,6.941452500031475
1222,6.940149526563645
1223,6.938971555935306
1224,6.9379179882066095
1225,6.936988223437718
1226,6.936181661688783
1227,6.935497703019962
1228,6.934935747491413
1229,6.934495195163291
1230,6.934175446095751
1231,6.93397590034895
1232,6.933895957983045
1233,6.9339350190581905
1234,6.9340924836345454
1235,6.934367751772264
1236,6.934760223531503
1237,6.935269298972418
1238,6.935894378155166
1239,6.936634861139904
1240,6.937490147986786
1241,6.938459638755971
1242,6.9395427335076105
1243,6.940738832301866
1244,6.942047335198891
1245,6.943467642258843
1246,6.944999153541876
1247,6.94664126910815
1248,6.948393389017817
1249,6.950254913331035
1250,6.952225242107962
1251,6.95430377540875
1252,6.956489913293559
1253,6.958783055822546
1254,6.961182603055863
1255,6.963687955053669
1256,6.96629851187612
1257,6.969013673583372
1258,6.97183284023558
1259,6.974755411892902
1260,6.977780788615493
1261,6.980908370463509
1262,6.9841375574971085
1263,6.987467749776445
1264,6.990898347361678
1265,6.9944287503129585
1266,6.998058358690449
1267,7.001786572554299
1268,7.005612791964672
1269,7.009536416981719
1270,7.013556847665597
1271,7.017673484076462
1272,7.021885726274472
1273,7.026192974319782
1274,7.030594628272549
1275,7.035090088192929
1276,7.039678754141077
1277,7.044360026177151
1278,7.049133304361307
1279,7.0539979887537
1280,7.058953479414485
1281,7.063999176403823
1282,7.069134479781867
1283,7.074358789608771
1284,7.079671505944694
1285,7.085072028849793
1286,7.090559758384225
1287,7.096134094608141
1288,7.101794437581703
1289,7.107540187365063
1290,7.11337074401838
1291,7.119285507601808
1292,7.125283878175506
1293,7.131365255799627
1294,7.137529040534331
1295,7.1437746324397695
1296,7.150101431576105
1297,7.156508838003485
1298,7.162996251782073
1299,7.169563072972024
1300,7.176208701633493
1301,7.182932537826635
1302,7.1897339816116075
1303,7.196612433048568
1304,7.203567292197672
1305,7.210597959119072
1306,7.21770383387293
1307,7.2248843165194
1308,7.232138807118638
1309,7.2394667057307975
1310,7.246867412416039
1311,7.254340327234517
1312,7.261884850246389
1313,7.269500381511808
1314,7.277186321090933
1315,7.284942069043919
1316,7.292767025430923
1317,7.300660590312099
1318,7.308622163747607
1319,7.316651145797602
1320,7.324746936522238
1321,7.332908935981672
1322,7.341136544236061
1323,7.349429161345564
1324,7.357786187370331
1325,7.3662070223705225
1326,7.374691066406294
1327,7.383237719537801
1328,7.391846381825202
1329,7.400516453328648
1330,7.4092473341083
1331,7.418038424224315
1332,7.426889123736845
1333,7.435798832706049
1334,7.444766951192083
1335,7.453792879255101
1336,7.462876016955263
1337,7.472015764352721
1338,7.481211521507634
1339,7.490462688480158
1340,7.499768665330448
1341,7.50912885211866
1342,7.518542648904955
1343,7.528009455749482
1344,7.537528672712403
1345,7.547099699853869
1346,7.556721937234041
1347,7.566394784913074
1348,7.576117642951122
1349,7.585889911408344
1350,7.595710990344893
1351,7.605580279820928
1352,7.615497179896605
1353,7.625461090632077
1354,7.635471412087505
1355,7.645527544323045
1356,7.655628887398847
1357,7.665774841375076
1358,7.67596480631188
1359,7.686198182269418
1360,7.696474369307852
1361,7.706792767487329
1362,7.71715277686801
1363,7.727553797510054
1364,7.7379952294736105
1365,7.74847647281884
1366,7.7589969276058985
1367,7.769555993894941
1368,7.780153071746126
1369,7.790787561219605
1370,7.801458862375537
1371,7.812166375274082
1372,7.822909499975391
1373,7.833687636539622
1374,7.844500185026931
1375,7.855346545497474
1376,7.866226118011409
1377,7.877138302628888
1378,7.8880824994100704
1379,7.899058108415114
1380,7.910064529704173
1381,7.921101163337402
1382,7.93216740937496
1383,7.943262667877001
1384,7.954386338903683
1385,7.965537822515162
1386,7.976716518771591
1387,7.987921827733133
1388,7.999153149459936
1389,8.010409884012164
1390,8.021691431449968
1391,8.032997191833504
1392,8.044326565222931
1393,8.055678951678406
1394,8.067053751260081
1395,8.078450364028118
1396,8.089868190042667
1397,8.101306629363888
1398,8.112765082051936
1399,8.124242948166966
1400,8.135739627769139
1401,8.147254520918604
1402,8.158787027675523
1403,8.170336548100055
1404,8.181902482252344
1405,8.19348423019256
1406,8.205081191980847
1407,8.21669276767737
1408,8.228318357342285
1409,8.239957361035742
1410,8.251609178817905
1411,8.263273210748922
1412,8.274948856888953
1413,8.286635517298159
1414,8.298332592036687
1415,8.310039481164699
1416,8.32175558474235
1417,8.333480302829798
1418,8.345213035487198
1419,8.356953182774706
1420,8.368700144752475
1421,8.380453321480667
1422,8.392212113019433
1423,8.403975919428934
1424,8.415744140769325
1425,8.427516177100756
1426,8.439291428483394
1427,8.451069294977387
1428,8.462849176642894
1429,8.474630473540072
1430,8.486412585729074
1431,8.498194913270058
1432,8.509976856223183
1433,8.521757814648602
1434,8.533537188606473
1435,8.545314378156949
1436,8.557088783360188
1437,8.56885980427635
1438,8.580626840965586
1439,8.592389293488054
1440,8.604146561903912
1441,8.615898046273312
1442,8.627643146656416
1443,8.639381263113375
1444,8.651111795704345
1445,8.662834144489487
1446,8.674547709528953
1447,8.686251890882902
1448,8.697946088611491
1449,8.709629702774874
1450,8.721302133433205
1451,8.732962780646643
1452,8.744611044475343
1453,8.756246324979465
1454,8.767868022219162
1455,8.779475536254589
1456,8.791068267145906
1457,8.802645614953263
1458,8.814206979736825
1459,8.82575176155674
1460,8.83727936047317
1461,8.84878917654627
1462,8.86028060983619
1463,8.871753060403092
1464,8.883205928307138
1465,8.89463861360847
1466,8.906050516367259
1467,8.917441036643648
1468,8.928809574497802
1469,8.940155529989877
1470,8.951478303180023
1471,8.962777294128399
1472,8.974051902895166
1473,8.985301529540475
1474,8.996525574124487
1475,9.00772343670735
1476,9.018894517349226
1477,9.030038216110272
1478,9.04115393305064
1479,9.052241068230494
1480,9.063299021709978
1481,9.074327193549259
1482,9.085324983808492
1483,9.096291792547825
1484,9.107227019827423
1485,9.118130065707438
1486,9.12900033024803
1487,9.13983721350935
1488,9.150640115551555
1489,9.161408436434805
1490,9.172141576219257
1491,9.18283893496506
1492,9.193499912732374
1493,9.204123909581359
1494,9.214710325572169
1495,9.225258560764956
1496,9.23576801521988
1497,9.246238088997098
1498,9.256668182156762
1499,9.267057694759034
1500,9.277406026864066
1501,9.287712578532016
1502,9.29797674982304
1503,9.308197940797296
1504,9.318375551514935
1505,9.328508982036114
1506,9.338597632420996
1507,9.348640902729729
1508,9.358638193022475
1509,9.36858890335939
1510,9.378492433800627
1511,9.388348184406343
1512,9.398155555236697
1513,9.407913946351842
1514,9.417622757811934
1515,9.427281389677132
1516,9.43688924200759
1517,9.446445714863467
1518,9.455950208304913
1519,9.46540212239209
1520,9.474800857185157
1521,9.484145812744261
1522,9.493436389129565
1523,9.502671986401223
1524,9.511852004619389
1525,9.520975843844225
1526,9.530042904135883
1527,9.539052585554519
1528,9.548004288160293
1529,9.556897412013354
1530,9.565731357173867
1531,9.574505523701982
1532,9.583219311657857
1533,9.591872121101648
1534,9.600463352093513
1535,9.608992404693607
1536,9.617458678962086
1537,9.625861574959107
1538,9.634200492744823
1539,9.642474832379396
1540,9.650683993922977
1541,9.658827377435724
1542,9.66690438297779
1543,9.67491441060934
1544,9.682856860390524
1545,9.690731132381497
1546,9.698536626642417
1547,9.706272743233443
1548,9.713938882214727
1549,9.721534443646426
1550,9.729058827588698
1551,9.7365114341017
1552,9.743891663245584
1553,9.75119891508051
1554,9.758432589666631
1555,9.765592087064109
1556,9.772676807333093
1557,9.779686150533744
1558,9.786619516726216
1559,9.793476305970666
1560,9.80025591832725
1561,9.806957753856127
1562,9.813581212617448
1563,9.820125694671376
1564,9.826590600078058
1565,9.832975328897657
1566,9.839279281190324
1567,9.845501857016224
1568,9.851642456435508
1569,9.857700479508331
1570,9.86367532629485
1571,9.869566396855223
1572,9.875373091249603
1573,9.881094809538148
1574,9.886730951781013
1575,9.89228091803836
1576,9.897744108370336
1577,9.903119922837101
1578,9.908407761498818
1579,9.913607024415636
1580,9.91871711164771
1581,9.9237374232552
1582,9.92866735929826
1583,9.933506319837049
1584,9.938253704931718
1585,9.942908914642429
1586,9.947471349029337
1587,9.951940408152595
1588,9.956315492072362
1589,9.960596000848794
1590,9.964781334542044
1591,9.968870893212276
1592,9.972864076919638
1593,9.97676028572429
1594,9.980558919686388
1595,9.984259378866085
1596,9.987861063323543
1597,9.991363373118913
1598,9.994765708312357
1599,9.998067468964026
1600,10.001268063377646
1601,10.004367220325761
1602,10.007365084881219
1603,10.010261829938932
1604,10.013057628393804
1605,10.015752653140744
1606,10.018347077074663
1607,10.020841073090459
1608,10.023234814083047
1609,10.025528472947329
1610,10.027722222578214
1611,10.029816235870612
1612,10.031810685719426
1613,10.033705745019564
1614,10.035501586665934
1615,10.03719838355344
1616,10.038796308576995
1617,10.040295534631504
1618,10.041696234611868
1619,10.042998581413004
1620,10.04420274792981
1621,10.0453089070572
1622,10.046317231690075
1623,10.047227894723346
1624,10.048041069051923
1625,10.048756927570706
1626,10.049375643174606
1627,10.049897388758529
1628,10.050322337217382
1629,10.050650661446076
1630,10.050882534339513
1631,10.0510181287926
1632,10.05105761770025
1633,10.051001173957363
1634,10.050848970458851
1635,10.050601180099617
1636,10.05025797577457
1637,10.049819530378626
1638,10.049286016806672
1639,10.04865760795363
1640,10.047934476714406
1641,10.047116795983904
1642,10.046204738657034
1643,10.045198477628695
1644,10.044098185793803
1645,10.042904036047265
1646,10.041616201283983
1647,10.040234854398864
1648,10.038760168286819
1649,10.037192315842754
1650,10.035531469961574
1651,10.03377780353819
1652,10.031931489467503
1653,10.029992700644426
1654,10.027961609963866
1655,10.025838390320727
1656,10.023623214609914
1657,10.021316255726337
1658,10.018917686564906
1659,10.016427680020524
1660,10.0138464089881
1661,10.01117404636254
1662,10.00841076503875
1663,10.00555673791164
1664,10.002612137876117
1665,9.999577137827083
1666,9.996451910659452
1667,9.993236629268129
1668,9.989931466548015
1669,9.986536595394023
1670,9.983052188701063
1671,9.979478419364037
1672,9.975815460277854
1673,9.972063484337419
1674,9.968222664437636
1675,9.964293173473425
1676,9.96027518433968
1677,9.956168869931313
1678,9.95197440314323
1679,9.947691956870342
1680,9.943321704007548
1681,9.938863817449764
1682,9.934318470091892
1683,9.929685834828842
1684,9.924966084555516
1685,9.920159392166827
1686,9.915265930557675
1687,9.910285872622977
1688,9.905219391257633
1689,9.90006665935655
1690,9.894827849814638
1691,9.889503135526803
1692,9.884092689387952
1693,9.878596684292994
1694,9.873015293136831
1695,9.867348688814374
1696,9.861597044220531
1697,9.855760532250203
1698,9.849839325798305
1699,9.84383359775974
1700,9.837743521029417
1701,9.831569268502237
1702,9.825311013073117
1703,9.818968927636956
1704,9.812543185088664
1705,9.80603395832315
1706,9.799441420235318
1707,9.792765743720075
1708,9.78600710167233
1709,9.77916566698699
1710,9.772241612558963
1711,9.765235111283152
1712,9.758146336054468
1713,9.750975459767814
1714,9.743722655318102
1715,9.736388095600237
1716,9.728971953509127
1717,9.721474401939673
1718,9.713895613786791
1719,9.706235761945385
1720,9.698495019310359
1721,9.690673558776625
1722,9.682771553239084
1723,9.674789175592649
1724,9.666726598732224
1725,9.658583995552718
1726,9.650361538949035
1727,9.642059401816084
1728,9.633677757048769
1729,9.625216777542004
1730,9.616676636190693
1731,9.608057505889741
1732,9.599359559534056
1733,9.590582970018547
1734,9.581727910238113
1735,9.572794553087673
1736,9.563783071462128
1737,9.554693638256387
1738,9.545526426365349
1739,9.536281608683934
1740,9.52695935810704
1741,9.517559847529581
1742,9.508083249846461
1743,9.498529737952579
1744,9.488899484742854
1745,9.479192663112187
1746,9.469409445955488
1747,9.459550006167662
1748,9.449614516643617
1749,9.439603150278256
1750,9.429516079966492
1751,9.419353478603233
1752,9.409115519083379
1753,9.398802374301843
1754,9.388414217153526
1755,9.377951220533342
1756,9.367413557336198
1757,9.356801400456995
1758,9.346114922790647
1759,9.33535429723205
1760,9.324519696676125
1761,9.31361129401777
1762,9.302629262151896
1763,9.291573773973411
1764,9.280445002377217
1765,9.269243120258222
1766,9.257968300511338
1767,9.246620716031469
1768,9.235200539713523
1769,9.223707944452405
1770,9.21214310314302
1771,9.200506188680285
1772,9.188797373959101
1773,9.177016831874369
1774,9.165164735321003
1775,9.153241257193908
1776,9.141246570387995
1777,9.129180847798166
1778,9.117044262319332
1779,9.104836986846397
1780,9.092559194274271
1781,9.080211057497856
1782,9.067792749412062
1783,9.0553044429118
1784,9.042746310891971
1785,9.030118526247486
1786,9.017421261873247
1787,9.00465469066417
1788,8.991818985515156
1789,8.97891431932111
1790,8.965940864976945
1791,8.95289879537756
1792,8.939788283417874
1793,8.926609501992784
1794,8.913362623997203
1795,8.900047822326032
1796,8.88666526987418
1797,8.873215139536558
1798,8.859697604208074
1799,8.846112836783627
1800,8.832461010158132
1801,8.818742297226494
1802,8.804956870883613
1803,8.791104904024408
1804,8.777186569543778
1805,8.763202040336632
1806,8.749151489297878
1807,8.73503508932242
1808,8.720853013305168
1809,8.706605434141034
1810,8.692292524724918
1811,8.677914457951728
1812,8.663471406716365
1813,8.64896354391375
1814,8.634391042438782
1815,8.61975407518637
1816,8.605052815051419
1817,8.59028743492884
1818,8.57545810771353
1819,8.560565006300408
1820,8.545608303584377
1821,8.530588172460345
1822,8.515504785823218
1823,8.500358316567894
1824,8.485148937589297
1825,8.469876821782327
1826,8.454542142041888
1827,8.439145071262889
1828,8.423685782340232
1829,8.408164448168836
1830,8.3925812416436
1831,8.376936335659432
1832,8.361229903111242
1833,8.345462116893932
1834,8.329633149902406
1835,8.313743175031584
1836,8.297792365176365
1837,8.281780893231659
1838,8.265708932092368
1839,8.249576654653398
1840,8.233384233809664
1841,8.217131842456073
1842,8.200819653487525
1843,8.184447839798931
1844,8.168016574285193
1845,8.151526029841227
1846,8.134976379361936
1847,8.118367795742229
1848,8.101700451877008
1849,8.084974520661184
1850,8.068190174989654
1851,8.051347587757345
1852,8.03444693185915
1853,8.01748838018998
1854,8.000472105644743
1855,7.983398281118336
1856,7.966267079505681
1857,7.949078673701681
1858,7.931833236601237
1859,7.9145309410992635
1860,7.897171960090654
1861,7.879756466470336
1862,7.862284633133201
1863,7.844756632974164
1864,7.827172638888128
1865,7.809532823769995
1866,7.791837360514686
1867,7.774086422017099
1868,7.756280181172144
1869,7.738418810874725
1870,7.72050248401975
1871,7.702531373502122
1872,7.684505652216761
1873,7.666425493058562
1874,7.648291068922439
1875,7.630102552703295
1876,7.611860117296031
1877,7.593563935595568
1878,7.575214180496806
1879,7.556811024894655
1880,7.538354641684017
1881,7.519845203759794
1882,7.501282884016908
1883,7.48266785535026
1884,7.464000290654754
1885,7.445280362825301
1886,7.426508244756805
1887,7.407684109344167
1888,7.388808129482309
1889,7.369880478066129
1890,7.350901327990536
1891,7.331870852150437
1892,7.312789223440729
1893,7.293656614756337
1894,7.274473198992161
1895,7.255239149043105
1896,7.235954637804078
1897,7.216619838169981
1898,7.197234923035734
1899,7.177800065296236
1900,7.158315437846395
1901,7.13878121358112
1902,7.1191975653953135
1903,7.0995646661838805
1904,7.079882688841738
1905,7.060151806263789
1906,7.04037219134494
1907,7.020544016980099
1908,7.0006674560641615
1909,6.980742681492055
1910,6.9607698661586745
1911,6.940749182958931
1912,6.920680804787728
1913,6.9005649045399675
1914,6.880401655110569
1915,6.860191229394436
1916,6.839933800286474
1917,6.819629540681587
1918,6.799278623474686
1919,6.77888122156067
1920,6.75843750783446
1921,6.737947655190955
1922,6.717411836525063
1923,6.696830224731692
1924,6.67620299270574
1925,6.65553031334213
1926,6.634812359535759
1927,6.61404930418154
1928,6.593241320174375
1929,6.5723885804091635
1930,6.55149125778083
1931,6.5305495251842745
1932,6.509563555514401
1933,6.488533521666119
1934,6.4674595965343284
1935,6.446341953013949
1936,6.425180763999882
1937,6.403976202387035
1938,6.382728441070314
1939,6.361437652944624
1940,6.34010401090487
1941,6.3187276878459695
1942,6.297308856662825
1943,6.275847690250342
1944,6.254344361503427
1945,6.232799043316981
1946,6.211211908585924
1947,6.189583130205158
1948,6.167912881069589
1949,6.1462013340741235
1950,6.124448662113661
1951,6.102655038083127
1952,6.080820634877417
1953,6.0589456253914395
1954,6.037030182520103
1955,6.015074479158312
1956,5.993078688200966
1957,5.971042982542989
1958,5.94896753507928
1959,5.926852518704748
1960,5.904698106314297
1961,5.882504470802826
1962,5.86027178506526
1963,5.838000221996497
1964,5.815689954491445
1965,5.7933411554450105
1966,5.770953997752092
1967,5.7485286543076155
1968,5.726065298006476
1969,5.703564101743581
1970,5.68102523841384
1971,5.658448880912159
1972,5.635835202133437
1973,5.613184374972597
1974,5.590496572324538
1975,5.567771967084169
1976,5.545010732146395
1977,5.522213040406113
1978,5.499379064758251
1979,5.476508978097705
1980,5.453602953319382
1981,5.430661163318191
1982,5.40768378098903
1983,5.384670979226821
1984,5.361622930926464
1985,5.338539808982866
1986,5.315421786290935
1987,5.29226903574557
1988,5.269081730241693
1989,5.245860042674204
1990,5.222604145938009
1991,5.199314212928014
1992,5.175990416539129
1993,5.152632929666252
1994,5.1292419252043056
1995,5.10581757604819
1996,5.082360055092811
1997,5.058869535233075
1998,5.0353461893638825
1999,5.011790190380157
2000,4.988201727166155
2001,4.964581356361347
2002,4.9409300023604175
2003,4.9172486055474005
2004,4.893538106306348
2005,4.869799445021295
2006,4.84603356207628
2007,4.822241397855341
2008,4.798423892742521
2009,4.7745819871218504
2010,4.750716621377384
2011,4.726828735893157
2012,4.702919271053205
2013,4.678989167241572
2014,4.6550393648422865
2015,4.631070804239405
2016,4.607084425816961
2017,4.583081169958993
2018,4.55906197704954
2019,4.535027787472636
2020,4.5109795416123335
2021,4.486918179852668
2022,4.462844642577678
2023,4.4387598701714035
2024,4.414664803017883
2025,4.390560381501151
2026,4.3664475460052605
2027,4.342327236914246
2028,4.318200394612145
2029,4.294067959482997
2030,4.2699308719108355
2031,4.245790072279717
2032,4.221646500973672
2033,4.197501098376739
2034,4.173354804872961
2035,4.149208560846366
2036,4.125063306681015
2037,4.100919982760935
2038,4.0767795294701665
2039,4.052642887192754
2040,4.028510996312731
2041,4.004384797214134
2042,3.9802652302810166
2043,3.9561532358974105
2044,3.9320497544473563
2045,3.9079557263148947
2046,3.883872091884055
2047,3.8597997915388937
2048,3.8357397656634458
2049,3.8116929546417464
2050,3.7876602988578405
2051,3.7636427386957543
2052,3.7396412145395477
2053,3.7156566667732522
2054,3.6916900357809057
2055,3.667742261946549
2056,3.643814285654214
2057,3.619907047287956
2058,3.5960214872318086
2059,3.5721585458698106
2060,3.548319163586001
2061,3.524504280764421
2062,3.5007148377890993
2063,3.4769517750440966
2064,3.453216032913441
2065,3.4295085517811748
2066,3.4058302720313356
2067,3.3821821340479565
2068,3.3585650782150944
2069,3.334980044916778
2070,3.31142797453705
2071,3.287909807459949
2072,3.2644264840695065
2073,3.24097894474978
2074,3.2175681298848002
2075,3.1941949798586053
2076,3.1708604350552387
2077,3.1475654358587355
2078,3.124310922653133
2079,3.101097835822484
2080,3.07792711575082
2081,3.0547997028221823
2082,3.031716537420609
2083,3.0086785599301336
2084,2.9856867107348113
2085,2.9627419302186735
2086,2.9398451587657606
2087,2.916997336760112
2088,2.8941994045857617
2089,2.8714523026267607
2090,2.8487569712671448
2091,2.8261143508909536
2092,2.8035253818822254
2093,2.780991004625001
2094,2.758512159503312
2095,2.736089786901214
2096,2.7137248272027388
2097,2.6914182207919284
2098,2.6691709080528185
2099,2.6469838293694434
2100,2.624857925125859
2101,2.6027941357060973
2102,2.580793401494197
2103,2.558856662874199
2104,2.536984860230134
2105,2.5151789339460606
2106,2.4934398244060065
2107,2.4717684719940136
2108,2.4501658170941236
2109,2.428632800090373
2110,2.4071703613667954
2111,2.385779441307447
2112,2.364460980296358
2113,2.3432159187175707
2114,2.3220451969551217
2115,2.300949755393045
2116,2.2799305344153966
2117,2.2589884744062068
2118,2.2381245157495178
2119,2.2173395988293674
2120,2.1966346640297894
2121,2.1760106517348357
2122,2.1554685023285423
2123,2.135009156194947
2124,2.11463355371809
2125,2.094342635282004
2126,2.074137341270743
2127,2.0540186120683406
2128,2.033987388058835
2129,2.0140446096262687
2130,1.9941912171546783
2131,1.9744281510280985
2132,1.9547563516305821
2133,1.9351767593461637
2134,1.915690314558882
2135,1.8962979576527763
2136,1.877000629011881
2137,1.8577992690202476
2138,1.838694818061911
2139,1.81968821652091
2140,1.8007804047812852
2141,1.781972323227069
2142,1.7632649122423147
2143,1.7446591122110555
2144,1.7261558635173317
2145,1.707756106545182
2146,1.6894607816786475
2147,1.6712708293017617
2148,1.6531871897985768
2149,1.6352108035531263
2150,1.617342610949449
2151,1.5995835523715858
2152,1.5819345682035697
2153,1.564396598829454
2154,1.546970584633272
2155,1.5296574659990625
2156,1.5124581833108666
2157,1.4953736769527175
2158,1.4784048873086673
2159,1.4615527547627487
2160,1.4448182196990045
2161,1.428202222501471
2162,1.4117057035541896
2163,1.3953296032411948
2164,1.3790748619465372
2165,1.3629424200542515
2166,1.3469332179483773
2167,1.3310481960129534
2168,1.3152882946320161
2169,1.2996544541896147
2170,1.2841476150697841
2171,1.268768717656564
2172,1.253518702333995
2173,1.2383985094861103
2174,1.2234090794969614
2175,1.2085513527505816
2176,1.1938262696310131
2177,1.1792347705222928
2178,1.1647777958084569
2179,1.1504562858735559
2180,1.1362711811016237
2181,1.1222234218767004
2182,1.108313948582826
2183,1.0945437016040396
2184,1.0809136213243775
2185,1.0674246481278882
2186,1.0540777223986075
2187,1.0408737845205742
2188,1.027813774877829
2189,1.0148986338544057
2190,1.0021293018343558
2191,0.9895067192017126
2192,0.9770318263405162
2193,0.9647055636348068
2194,0.9525288714686201
2195,0.9405026902260043
2196,0.928627960290995
2197,0.9169056220476318
2198,0.9053366158799547
2199,0.893921882172003
2200,0.8826623613078147
2201,0.8715589936714336
2202,0.8606127196468994
2203,0.8498244796182503
2204,0.8391952139695262
2205,0.8287258630847635
2206,0.8184173673480089
2207,0.8082706671432988
2208,0.7982867028546742
2209,0.7884664148661732
2210,0.7788107435618326
2211,0.7693206293256998
2212,0.75999701254181
2213,0.7508408335942041
2214,0.7418530328669225
2215,0.733034550744003
2216,0.7243863276094835
2217,0.7159093038474115
2218,0.7076044198418201
2219,0.6994726159767528
2220,0.691514832636247
2221,0.6837320102043414
2222,0.6761250890650807
2223,0.6686950096025024
2224,0.6614427122006448
2225,0.6543691372435496
2226,0.6474752251152522
2227,0.6407619161997999
2228,0.6342301508812282
2229,0.6278808695435767
2230,0.6217150125708868
2231,0.6157335203471972
2232,0.6099373332565468
2233,0.6043273916829774
2234,0.598904636010529
2235,0.5936700066232408
2236,0.5886244439051511
2237,0.5837688882403003
2238,0.5791042800127302
2239,0.5746315596064793
2240,0.5703516674055886
2241,0.5662655437940949
2242,0.5623741291560407
2243,0.5586783638754653
2244,0.5551791883364086
2245,0.5518775429229088
2246,0.5487743680190089
2247,0.5458706040087462
2248,0.5431671912761604
2249,0.5406650702052935
2250,0.5383651811801842
2251,0.5362684645848717
2252,0.5343758608033959
2253,0.5326883102197972
2254,0.5312067532181153
2255,0.5299321301823905
2256,0.5288653814966617
2257,0.5280074475449703
2258,0.5273592687113537
2259,0.5269217853798538
2260,0.5266959379345091
2261,0.5266826667593603
2262,0.5268829122384464
2263,0.5272976147558088
2264,0.5279277146954864
2265,0.5287741524415179
2266,0.5298378683779439
2267,0.531119802888806
2268,0.5326208963581422
2269,0.5343420891699928
2270,0.5362843217083968
2271,0.5384485343573948
2272,0.5408356675010275
2273,0.5434466615233322
2274,0.5462824568083524
2275,0.5493439937401243
2276,0.5526322127026906
2277,0.5561480540800883
2278,0.55989245825636
2279,0.5638663656155449
2280,0.5680707165416807
2281,0.5725064514188101
2282,0.5771745106309698
2283,0.582075834562203
2284,0.5872113635965475
2285,0.5925820381180453
2286,0.5981887985107326
2287,0.6040325851586514
2288,0.6101143384458414
2289,0.6164349987563416
2290,0.622995506474195
2291,0.6297968019834379
2292,0.6368398256681111
2293,0.6441255179122536
2294,0.651654819099907
2295,0.6594286696151126
2296,0.6674480098419056
2297,0.6757137801643278
2298,0.6842269209664193
2299,0.6929883726322204
2300,0.7019990755457712
2301,0.7112599700911137
2302,0.7207719966522821
2303,0.730536095613318
2304,0.740553207358263
2305,0.7508242722711567
2306,0.7613502307360429
2307,0.7721320231369515
2308,0.7831705898579289
2309,0.7944668712830136
2310,0.8060218077962467
2311,0.8178363397816701
2312,0.8299114076233174
2313,0.842247951705231
2314,0.8548469124114519
2315,0.8677092301260192
2316,0.8808358452329772
2317,0.8942276981163579
2318,0.907885729160204
2319,0.921810878748555
2320,0.9360040872654536
2321,0.9504662950949361
2322,0.9651984426210509
2323,0.9802014702278252
2324,0.9954763182993052
2325,1.0110239272195294
2326,1.0268452373725387
2327,1.042941189142378
2328,1.0593127229130772
2329,1.0759607790686787
2330,1.0928862979932261
2331,1.1100902200707572
2332,1.1275734856853172
2333,1.145337035220936
2334,1.1633818090616574
2335,1.181708747591522
2336,1.20031879119457
2337,1.2192128802548412
2338,1.238391955156382
2339,1.2578569562832183
2340,1.277608824019397
2341,1.2976484987489587
2342,1.3179769208559406
2343,1.3385950307243943
2344,1.3595037687383407
2345,1.3807040752818311
2346,1.4021968907389017
2347,1.423983155493593
2348,1.446063809929953
2349,1.4684397944320073
2350,1.4911120493838013
2351,1.5140815151693765
2352,1.5373491321727735
2353,1.5609158407780281
2354,1.5847825813691925
2355,1.6089502943302891
2356,1.6334199200453643
2357,1.6581923988984602
2358,1.6832686712736153
2359,1.7086496775548783
2360,1.7343363581262725
2361,1.760329653371845
2362,1.7866305036756351
2363,1.8132398494216861
2364,1.8401586309940434
2365,1.8673877887767305
2366,1.8949282631537967
2367,1.9227809945092784
2368,1.9509469232272179
2369,1.9794269896916674
2370,2.008222134286643
2371,2.037333297396196
2372,2.066761419404366
2373,2.096507440695194
2374,2.1265723016527183
2375,2.1569569426609903
2376,2.1876623041040277
2377,2.2186893263658805
2378,2.25003894983059
2379,2.281712114882196
2380,2.3137097619047475
2381,2.3460328312822663
2382,2.378682263398799
2383,2.411658998638388
2384,2.4449639773850684
2385,2.4785981400228985
2386,2.5125624269358937
2387,2.5468577785080986
2388,2.581485135123562
2389,2.6164454371663184
2390,2.651739625020409
2391,2.687368639069886
2392,2.723333419698765
2393,2.7596349072910966
2394,2.7962740422309214
2395,2.833251764902281
2396,2.870569015689226
2397,2.9082267349757704
2398,2.946225863145969
2399,2.984567340583861
2400,3.023252019995985
2401,3.0622794421737356
2402,3.101648137993581
2403,3.141356612353503
2404,3.1814033701514783
2405,3.2217869162854753
2406,3.2625057556534705
2407,3.30355839315345
2408,3.34494333368336
2409,3.3866590821411857
2410,3.4287041434249
2411,3.471077022432479
2412,3.513776224061906
2413,3.5568002532111285
2414,3.6001476147781304
2415,3.643816813660891
2416,3.6878063547573747
2417,3.7321147429655763
2418,3.776740483183437
2419,3.8216820803089435
2420,3.86693803924007
2421,3.9125068648747887
2422,3.9583870621110737
2423,4.004577135846915
2424,4.0510755909802505
2425,4.097880932409071
2426,4.144991665031347
2427,4.192406293745057
2428,4.240123323448188
2429,4.288141259038678
2430,4.336458605414518
2431,4.38507386747368
2432,4.43398555011414
2433,4.483192158233886
2434,4.532692196730856
2435,4.582484170503044
2436,4.6325665844484165
2437,4.682937943464951
2438,4.733596752450638
2439,4.784541516303415
2440,4.835770739921272
2441,4.887282928202179
2442,4.939076586044117
2443,4.991150218345053
2444,5.043502330002978
2445,5.096131425915831
2446,5.149036010981603
2447,5.202214590098265
2448,5.255665668163795
2449,5.309387750076179
2450,5.363379340733354
2451,5.417638945033313
2452,5.4721650678740295
2453,5.526956214153474
2454,5.5820108887696405
2455,5.637327596620465
2456,5.692904842603937
2457,5.748741131618031
2458,5.804834968560719
2459,5.8611848583299775
2460,5.91778930582379
2461,5.974646815940105
2462,6.031755893576901
2463,6.089115043632159
2464,6.1467227710038514
2465,6.204577580589968
2466,6.2626779772884404
2467,6.321022465997269
2468,6.379609551614421
2469,6.438437739037873
2470,6.497505533165615
2471,6.55681143889558
2472,6.616353961125762
2473,6.676131604754135
2474,6.736142874678672
2475,6.796386275797342
2476,6.856860313008144
2477,6.91756349120901
2478,6.978494315297925
2479,7.039651290172873
2480,7.101032920731825
2481,7.162637711872766
2482,7.224464168493637
2483,7.286510795492426
2484,7.34877609776711
2485,7.411258580215658
2486,7.473956747736071
2487,7.536869105226274
2488,7.599994157584261
2489,7.663330409708006
2490,7.726876366495486
2491,7.790630532844667
2492,7.85459141365355
2493,7.9187575138200605
2494,7.983127338242196
2495,8.047699391817922
2496,8.112472179445225
2497,8.177444206022091
2498,8.242613976446453
2499,8.3079799956163
2500,8.373540768429608
2501,8.439294799784353
2502,8.505240594578527
2503,8.571376657710061
2504,8.637701494076948
2505,8.704213608577161
2506,8.770911506108678
2507,8.837793691569486
2508,8.90485866985752
2509,8.97210494587077
2510,9.039531024507218
2511,9.107135410664826
2512,9.174916609241572
2513,9.242873125135455
2514,9.311003463244397
2515,9.379306128466398
2516,9.447779625699427
2517,9.516422459841463
2518,9.585233135790496
2519,9.654210158444453
2520,9.723352032701335
2521,9.79265726345911
2522,9.862124355615757
2523,9.931751814069269
2524,10.001538143717571
2525,10.07148184945866
2526,10.141581436190506
2527,10.211835408811089
2528,10.282242272218378
2529,10.352800531310372
2530,10.423508690984994
2531,10.49436525614024
2532,10.565368731674084
2533,10.636517622484503
2534,10.70781043346949
2535,10.779245669526967
2536,10.850821835554937
2537,10.922537436451371
2538,10.994390977114243
2539,11.06638096244155
2540,11.138505897331214
2541,11.210764286681234
2542,11.283154635389584
2543,11.355675448354232
2544,11.428325230473158
2545,11.501102486644356
2546,11.57400572176575
2547,11.64703344073534
2548,11.720184148451096
2549,11.79345634981099
2550,11.866848549713023
2551,11.940359253055119
2552,12.013986964735269
2553,12.087730189651458
2554,12.161587432701648
2555,12.235557198783843
2556,12.309637992795967
2557,12.383828319636013
2558,12.458126684201954
2559,12.532531591391766
2560,12.60704154610342
2561,12.681655053234918
2562,12.756370617684183
2563,12.831186744349209
2564,12.906101938127968
2565,12.981114703918436
2566,13.056223546618611
2567,13.131426971126416
2568,13.206723482339848
2569,13.282111585156882
2570,13.357589784475486
2571,13.433156585193666
2572,13.50881049220934
2573,13.584550010420504
2574,13.660373644725137
2575,13.736279900021207
2576,13.812267281206715
2577,13.888334293179582
2578,13.964479440837803
2579,14.04070122907936
2580,14.116998162802219
2581,14.193368746904357
2582,14.26981148628377
2583,14.346324885838376
2584,14.422907450466182
2585,14.499557685065158
2586,14.576274094533272
2587,14.65305518376853
2588,14.72989945766885
2589,14.806805421132232
2590,14.883771579056647
2591,14.960796436340067
2592,15.037878497880493
2593,15.115016268575848
2594,15.192208253324134
2595,15.269452957023315
2596,15.346748884571367
2597,15.424094540866262
2598,15.501488430806006
2599,15.578929059288518
2600,15.65641493121179
2601,15.733944551473796
2602,15.811516424972517
2603,15.889129056605952
2604,15.966780951272014
2605,16.0444706138687
2606,16.122196549293992
2607,16.19995726244586
2608,16.277751258222306
2609,16.355577041521244
2610,16.433433117240675
2611,16.511317990278577
2612,16.589230165532918
2613,16.667168147901673
2614,16.745130442282846
2615,16.823115553574343
2616,16.90112198667418
2617,16.979148246480325
2618,17.05719283789074
2619,17.135254265803436
2620,17.21333103511633
2621,17.29142165072743
2622,17.369524617534694
2623,17.44763844043611
2624,17.525761624329657
2625,17.603892674113276
2626,17.682030094684954
2627,17.76017239094267
2628,17.838318067784392
2629,17.916465630108128
2630,17.994613582811787
2631,18.072760430793377
2632,18.15090467895087
2633,18.229044832182236
2634,18.307179395385454
2635,18.38530687345851
2636,18.463425771299338
2637,18.541534593805927
2638,18.619631845876267
2639,18.69771603240831
2640,18.775785658300062
2641,18.853839228449456
2642,18.931875247754473
2643,19.009892221113102
2644,19.087888653423303
2645,19.16586304958308
2646,19.24381391449036
2647,19.321739753043133
2648,19.399639070139376
2649,19.477510370677063
2650,19.555352159554165
2651,19.633162941668683
2652,19.71094122191853
2653,19.78868550520172
2654,19.86639429641621
2655,19.944066100459985
2656,20.021699422231045
2657,20.0992927666273
2658,20.176844638546758
2659,20.254353542887387
2660,20.33181798454716
2661,20.40923646842408
2662,20.486607499416074
2663,20.56392958242112
2664,20.64120122233721
2665,20.71842092406231
2666,20.795587192494395
2667,20.872698532531466
2668,20.949753449071434
2669,21.02675044701231
2670,21.10368803125206
2671,21.18056470668866
2672,21.25737897822011
2673,21.33412935074433
2674,21.41081432915931
2675,21.48743241836304
2676,21.56398212325348
2677,21.64046194872864
2678,21.71687039968643
2679,21.793205981024855
2680,21.86946719764188
2681,21.94565255443549
2682,22.02176055630365
2683,22.09778970814437
2684,22.173738514855554
2685,22.249605481335212
2686,22.325389112481314
2687,22.401087913191837
2688,22.47670038836477
2689,22.552225042898044
2690,22.627660381689655
2691,22.703004909637578
2692,22.77825713163978
2693,22.85341555259427
2694,22.928478677398957
2695,23.003445010951847
2696,23.07831305815091
2697,23.153081323894124
2698,23.227748313079495
2699,23.302312530604915
2700,23.37677248136841
2701,23.451126670267946
2702,23.525373602201494
2703,23.599511782067026
2704,23.673539714762548
2705,23.747455905185976
2706,23.821258858235307
2707,23.894947078808514
2708,23.968519071803577
2709,24.041973342118485
2710,24.115308394651166
2711,24.188522734299617
2712,24.261614865961814
2713,24.334583294535726
2714,24.407426524919355
2715,24.48014306201062
2716,24.552731410707512
2717,24.625190075908023
2718,24.697517562510114
2719,24.769712375411753
2720,24.841773019510953
2721,24.913697999705622
2722,24.985485820893764
2723,25.05713498797336
2724,25.128644005842368
2725,25.200011379398802
2726,25.271235613540565
2727,25.342315213165676
2728,25.4132486831721
2729,25.484034528457805
2730,25.554671253920795
2731,25.625157364458985
2732,25.69549136497038
2733,25.76567176035296
2734,25.83569705550468
2735,25.90556575532353
2736,25.975276364707494
2737,26.044827388554506
2738,26.11421733176256
2739,26.18344469922963
2740,26.25250799585369
2741,26.321405726532728
2742,26.390136396164685
2743,26.45869850964754
2744,26.52709057187928
2745,26.595311087757874
2746,26.66335856218132
2747,26.731231500047535
2748,26.79892840625452
2749,26.866447785700263
2750,26.933788143282715
2751,27.00094798389986
2752,27.067925812449694
2753,27.134720133830143
2754,27.2013294529392
2755,27.267752274674837
2756,27.333987103935037
2757,27.40003244561779
2758,27.465886804621018
2759,27.531548685842722
2760,27.59701659418088
2761,27.66228903453345
2762,27.72736451179844
2763,27.792241530873785
2764,27.856918596657458
2765,27.921394214047453
2766,27.985666887941733
2767,28.049735123238293
2768,28.113597424835064
2769,28.17725229763004
2770,28.240698246521195
2771,28.303933776406502
2772,28.366957392183934
2773,28.429767598751486
2774,28.492362901007088
2775,28.55474180384873
2776,28.6169028121744
2777,28.678844430882048
2778,28.740565164869682
2779,28.80206351903524
2780,28.8633379982767
2781,28.92438710749204
2782,28.98520935157924
2783,29.04580323543629
2784,29.10616726396111
2785,29.166299942051715
2786,29.226199774606062
2787,29.285865266522134
2788,29.345294922697896
2789,29.404487248031344
2790,29.463440747420414
2791,29.522153925763092
2792,29.580625287957353
2793,29.638853338901182
2794,29.69683658349256
2795,29.754573526629418
2796,29.81206267320976
2797,29.869302528131545
2798,29.926291596292756
2799,29.983028382591385
2800,30.039511491983514
2801,30.09574056238714
2802,30.151715841112292
2803,30.207437583345325
2804,30.26290604427256
2805,30.318121479080368
2806,30.373084142955026
2807,30.42779429108291
2808,30.482252178650345
2809,30.536458060843678
2810,30.59041219284925
2811,30.644114829853375
2812,30.697566227042405
2813,30.750766639602663
2814,30.80371632272051
2815,30.856415531582286
2816,30.908864521374294
2817,30.96106354728289
2818,31.013012864494407
2819,31.06471272819518
2820,31.116163393571572
2821,31.167365115809876
2822,31.218318150096458
2823,31.269022751617648
2824,31.319479175559778
2825,31.36968767710919
2826,31.419648511452245
2827,31.46936193377522
2828,31.51882819926451
2829,31.56804756310642
2830,31.61702028048729
2831,31.665746606593483
2832,31.714226796611303
2833,31.762461105727095
2834,31.810449789127198
2835,31.85819310199796
2836,31.90569129952572
2837,31.952944636896788
2838,31.999953369297515
2839,32.04671775191424
2840,32.0932380399333
2841,32.13951448854103
2842,32.185547352923784
2843,32.23133688826787
2844,32.27688334975963
2845,32.32218699258543
2846,32.367248071931556
2847,32.41206684298441
2848,32.45664356093027
2849,32.500978480955496
2850,32.54507185824642
2851,32.588923947989386
2852,32.63253500537075
2853,32.67590528557682
2854,32.71903504379392
2855,32.76192453520842
2856,32.804574015006644
2857,32.846983738374924
2858,32.88915396049962
2859,32.93108493656703
2860,32.97277692176351
2861,33.0142301712754
2862,33.055444940289036
2863,33.096421483990774
2864,33.137160057566916
2865,33.177660916203806
2866,33.2179243150878
2867,33.257950509405205
2868,33.2977397543424
2869,33.33729230508569
2870,33.376608416821405
2871,33.41568834473591
2872,33.45453234401552
2873,33.49314066984658
2874,33.531513577415446
2875,33.569651321908424
2876,33.60755415851186
2877,33.6452223424121
2878,33.682656128795465
2879,33.71985577284832
2880,33.75682152975696
2881,33.79355365470775
2882,33.83005240288703
2883,33.866318029481114
2884,33.90235078967638
2885,33.93815093865912
2886,33.97371873161569
2887,34.00905442373243
2888,34.044158270195666
2889,34.07903052619175
2890,34.113671446907006
2891,34.14808128752778
2892,34.182260303240405
2893,34.21620874923121
2894,34.249926880686544
2895,34.28341495279274
2896,34.316673220736135
2897,34.34970193970305
2898,34.38250136487985
2899,34.41507175145285
2900,34.44741335460842
2901,34.47952642953285
2902,34.511411231412495
2903,34.5430680154337
2904,34.5744970367828
2905,34.60569855064614
2906,34.63667281221003
2907,34.667420076660825
2908,34.69794059918486
2909,34.72823463496847
2910,34.758302439198
2911,34.788144267059785
2912,34.81776037374016
2913,34.84715101442544
2914,34.87631644430199
2915,34.905256918556134
2916,34.93397269237423
2917,34.962464020942576
2918,34.99073115944754
2919,35.01877436307546
2920,35.04659388701265
2921,35.07418998644546
2922,35.101562916560226
2923,35.12871293254329
2924,35.15564028958097
2925,35.18234524285962
2926,35.20882804756557
2927,35.23508895888518
2928,35.26112823200475
2929,35.286946122110635
2930,35.312542884389174
2931,35.33791877402669
2932,35.36307404620955
2933,35.38800895612406
2934,35.41272375895657
2935,35.43721870989341
2936,35.46149406412093
2937,35.485550076825454
2938,35.50938700319332
2939,35.53300509841087
2940,35.556404617664434
2941,35.57958581614036
2942,35.60254894902498
2943,35.625294271504636
2944,35.647822038765646
2945,35.67013250599436
2946,35.69222592837712
2947,35.71410256110025
2948,35.7357626593501
2949,35.757206478312995
2950,35.77843427317528
2951,35.7994462991233
2952,35.82024281134336
2953,35.84082406502184
2954,35.861190315345034
2955,35.88134181749932
2956,35.901278826670996
2957,35.92100159804642
2958,35.940510386811944
2959,35.95980544815388
2960,35.97888703725856
2961,35.997755409312326
2962,36.016410819501544
2963,36.03485352301252
2964,36.0530837750316
2965,36.07110183074512
2966,36.088907945339415
2967,36.10650237400082
2968,36.123885371915684
2969,36.14105719427033
2970,36.158018096251105
2971,36.174768333044334
2972,36.19130815983637
2973,36.20763783181353
2974,36.22375760416219
2975,36.239667732068625
2976,36.25536847071921
2977,36.270860075300284
2978,36.286142800998185
2979,36.30121690299922
2980,36.316082636489774
2981,36.33074025665615
2982,36.34519001868468
2983,36.359432177761725
2984,36.37346698907361
2985,36.387294707806674
2986,36.400915589147246
2987,36.41432988828167
2988,36.42753786039628
2989,36.44053976067742
2990,36.45333584431142
2991,36.46592636648461
2992,36.47831158238334
2993,36.49049174719394
2994,36.50246711610275
2995,36.514237944296106
2996,36.52580448696036
2997,36.53716699928181
2998,36.54832573644682
2999,36.559280953641725
3000,36.570032906052866
3001,36.58058184886658
3002,36.59092803726918
3003,36.601071726447024
3004,36.61101317158646
3005,36.620752627873784
3006,36.63029035049538
3007,36.639626594637555
3008,36.648761615486656
3009,36.65769566822902
3010,36.66642900805098
3011,36.67496189013888
3012,36.68329456967905
3013,36.69142730185782
3014,36.69936034186155
3015,36.70709394487656
3016,36.71462836608917
3017,36.721963860685754
3018,36.72910068385263
3019,36.73603909077613
3020,36.742779336642606
3021,36.74932167663838
3022,36.75566636594979
3023,36.761813659763185
3024,36.76776381326489
3025,36.773517081641245
3026,36.779073720078586
3027,36.784433983763265
3028,36.7895981278816
3029,36.794566407619925
3030,36.799339078164586
3031,36.80391639470192
3032,36.80829861241827
3033,36.81248598649996
3034,36.81647877213332
3035,36.82027722450472
3036,36.82388159880047
3037,36.827292150206915
3038,36.83050913391039
3039,36.833532805097214
3040,36.836363418953766
3041,36.83900123066635
3042,36.8414464954213
3043,36.84369946840498
3044,36.84576040480371
3045,36.84762955980382
3046,36.84930718859165
3047,36.85079354635355
3048,36.85208888827585
3049,36.853193469544884
3050,36.854107545346984
3051,36.8548313708685
3052,36.85536520129576
3053,36.855709291815096
3054,36.85586389761286
3055,36.855829273875386
3056,36.855605675789
3057,36.855193358540035
3058,36.854592577314854
3059,36.85380358729976
3060,36.852826643681105
3061,36.85166200164524
3062,36.850309916378485
3063,36.848770643067176
3064,36.847044436897654
3065,36.84513155305627
3066,36.843032246729344
3067,36.840746773103206
3068,36.838275387364206
3069,36.83561834469868
3070,36.83277590029297
3071,36.82974830933341
3072,36.82653582700631
3073,36.82313870849804
3074,36.81955720899494
3075,36.815791583683314
3076,36.811842087749525
3077,36.80770897637992
3078,36.803392504760794
3079,36.79889292807852
3080,36.794210501519416
3081,36.78934548026984
3082,36.78429811951611
3083,36.77906867444455
3084,36.77365740024155
3085,36.768064552093385
3086,36.762290385186425
3087,36.75633515470699
3088,36.75019911584144
3089,36.7438825237761
3090,36.7373856336973
3091,36.73070870079138
3092,36.7238519802447
3093,36.716815727243564
3094,36.709600196974314
3095,36.702205644623305
3096,36.69463232537686
3097,36.68688049442131
3098,36.678950406943
3099,36.67084231812829
3100,36.66255648316347
3101,36.65409315723492
3102,36.64545259552894
3103,36.636635053231885
3104,36.62764078553011
3105,36.618470047609925
3106,36.60912309465766
3107,36.599600181859685
3108,36.58990156440231
3109,36.5800274974719
3110,36.56997823625476
3111,36.559754035937246
3112,36.54935515170568
3113,36.53878183874641
3114,36.528034352245776
3115,36.517112947390096
3116,36.50601787936573
3117,36.494749403359
3118,36.48330777455625
3119,36.471693248143815
3120,36.45990607930803
3121,36.44794652323523
3122,36.43581483511176
3123,36.42351127012395
3124,36.41103608345815
3125,36.39838953030067
3126,36.38557186583787
3127,36.372583345256075
3128,36.35942422374163
3129,36.34609475648086
3130,36.332595198660115
3131,36.31892580546573
3132,36.30508683208404
3133,36.29107853370137
3134,36.27690116550407
3135,36.26255498267848
3136,36.24804024041093
3137,36.233357193887755
3138,36.2185060982953
3139,36.203487208819894
3140,36.188300780647864
3141,36.17294706896558
3142,36.157426328959346
3143,36.14173881581551
3144,36.125884784720405
3145,36.109864490860375
3146,36.09367818942177
3147,36.0773261355909
3148,36.06080858455412
3149,36.04412579149774
3150,36.027278011608146
3151,36.01026550007162
3152,35.993088512074536
3153,35.97574730280322
3154,35.95824212744401
3155,35.940573241183216
3156,35.922740899207234
3157,35.90474535670235
3158,35.88658686885492
3159,35.86826569085128
3160,35.84978207787776
3161,35.831136285120714
3162,35.81232856776645
3163,35.793359181001335
3164,35.7742283800117
3165,35.75493641998385
3166,35.73548355610416
3167,35.71587004355896
3168,35.696096137534575
3169,35.67616209321734
3170,35.6560681657936
3171,35.63581461044969
3172,35.61540168237196
3173,35.594829636746724
3174,35.57409872876033
3175,35.55320921359912
3176,35.532161346449406
3177,35.510955382497556
3178,35.4895915769299
3179,35.46807018493277
3180,35.44639146169249
3181,35.424555662395406
3182,35.40256304222787
3183,35.38041385637621
3184,35.358108360026755
3185,35.33564680836585
3186,35.31302945657983
3187,35.29025655985501
3188,35.26732837337776
3189,35.2442451523344
3190,35.22100715191129
3191,35.19761462729472
3192,35.17406783367106
3193,35.150367026226654
3194,35.12651246014782
3195,35.1025043906209
3196,35.07834307283224
3197,35.05402876196815
3198,35.029561713214996
3199,35.004942181759105
3200,34.98017044949535
3201,34.955246995711406
3202,34.93017238816697
3203,34.90494719503908
3204,34.879571984504764
3205,34.85404732474106
3206,34.82837378392497
3207,34.80255193023353
3208,34.77658233184376
3209,34.75046555693271
3210,34.72420217367736
3211,34.697792750254806
3212,34.67123785484204
3213,34.644538055616074
3214,34.61769392075396
3215,34.59070601843271
3216,34.563574916829374
3217,34.536301184120944
3218,34.50888538848447
3219,34.48132809809698
3220,34.45362988113549
3221,34.425791305777025
3222,34.39781294019863
3223,34.369695352577324
3224,34.34143911109014
3225,34.31304478391408
3226,34.28451293922621
3227,34.25584414520353
3228,34.227038970023074
3229,34.19809798186187
3230,34.16902174889694
3231,34.13981083930531
3232,34.11046582126402
3233,34.08098726295009
3234,34.051375732540556
3235,34.02163179821243
3236,33.991756028142746
3237,33.96174899050854
3238,33.93161125348684
3239,33.901343385254634
3240,33.870945953988986
3241,33.840419527866935
3242,33.80976467506546
3243,33.77898196376164
3244,33.74807196213247
3245,33.71703523835501
3246,33.68587236060625
3247,33.65458389706323
3248,33.62317041590298
3249,33.59163248530254
3250,33.55997067343891
3251,33.52818554848914
3252,33.49627767863024
3253,33.46424763203923
3254,33.432095976893166
3255,33.399823281369066
3256,33.36743011364397
3257,33.33491704189487
3258,33.30228463429881
3259,33.26953345903283
3260,33.23666408427394
3261,33.20367707819918
3262,33.170573008985556
3263,33.13735244481013
3264,33.10401595384988
3265,33.07056410428189
3266,33.03699746428315
3267,33.0033166020307
3268,32.96952208570157
3269,32.93561448347278
3270,32.90159436352136
3271,32.867462294024335
3272,32.833218843158726
3273,32.79886457910158
3274,32.76440007002987
3275,32.72982588412071
3276,32.695142589551075
3277,32.66035075449799
3278,32.62545094713851
3279,32.590443735649636
3280,32.5553296882084
3281,32.52010937299184
3282,32.48478335817697
3283,32.44935221194082
3284,32.41381650246044
3285,32.37817679791279
3286,32.34243366647498
3287,32.306587676324014
3288,32.27063939563689
3289,32.234589392590664
3290,32.19843823536235
3291,32.162186492128974
3292,32.12583473106757
3293,32.08938352035516
3294,32.05283342816876
3295,32.01618502268541
3296,31.979438872082156
3297,31.942595544535997
3298,31.90565560822398
3299,31.868619631323117
3300,31.83148818201044
3301,31.794261828462986
3302,31.75694113885777
3303,31.719526681371814
3304,31.682019024182164
3305,31.64441873546583
3306,31.60672638339983
3307,31.568942536161224
3308,31.531067761927034
3309,31.493102628874265
3310,31.45504770517995
3311,31.416903559021137
3312,31.378670758574827
3313,31.34034987201807
3314,31.30194146752787
3315,31.26344611328127
3316,31.224864377455294
3317,31.186196828226937
3318,31.14744403377329
3319,31.108606562271348
3320,31.069684981898142
3321,31.03067986083068
3322,30.991591767246014
3323,30.952421269321167
3324,30.913168935233152
3325,30.873835333159008
3326,30.83442103127576
3327,30.794926597760412
3328,30.75535260079004
3329,30.715699608541637
3330,30.675968189192247
3331,30.63615891091889
3332,30.596272341898587
3333,30.556309050308368
3334,30.51626960432527
3335,30.47615457212631
3336,30.43596452188852
3337,30.39570002178893
3338,30.355361640004517
3339,30.314949944712403
3340,30.27446550408954
3341,30.233908886313003
3342,30.1932806595598
3343,30.15258139200694
3344,30.111811651831477
3345,30.070972007210425
3346,30.030063026320818
3347,29.989085277339672
3348,29.948039328443993
3349,29.906925747810863
3350,29.865745103617293
3351,29.824497964040294
3352,29.783184897256906
3353,29.741806471444146
3354,29.700363254779035
3355,29.658855815438624
3356,29.617284721599916
3357,29.57565054143995
3358,29.533953843135755
3359,29.49219519486433
3360,29.450375164802754
3361,29.40849432112802
3362,29.366553232017164
3363,29.324552465647216
3364,29.282492590195204
3365,29.24037417383814
3366,29.19819778475307
3367,29.15596399111702
3368,29.113673361107008
3369,29.071326462900053
3370,29.02892386467316
3371,28.98646613460343
3372,28.94395384086785
3373,28.90138755164344
3374,28.85876783510724
3375,28.816095259436274
3376,28.773370392807553
3377,28.730593803398133
3378,28.68776605938502
3379,28.644887728945243
3380,28.601959380255813
3381,28.558981581493793
3382,28.515954900836206
3383,28.47287990646007
3384,28.4297571665424
3385,28.386587249260245
3386,28.343370722790617
3387,28.300108155310546
3388,28.256800114997066
3389,28.213447170027198
3390,28.170049888577957
3391,28.126608838826364
3392,28.0831245889495
3393,28.039597707124354
3394,27.996028761527953
3395,27.952418320337333
3396,27.90876695172952
3397,27.86507522388153
3398,27.821343704970396
3399,27.777572963173156
3400,27.73376356666682
3401,27.689916083628404
3402,27.646031082234977
3403,27.60210913066355
3404,27.558150797091148
3405,27.514156649694783
3406,27.47012725665151
3407,27.42606318613833
3408,27.38196500633228
3409,27.337833285410394
3410,27.29366859154969
3411,27.249471492927196
3412,27.205242557719913
3413,27.160982354104927
3414,27.116691450259236
3415,27.07237041435987
3416,27.028019814583857
3417,26.98364021910821
3418,26.939232196109973
3419,26.89479631376616
3420,26.85033314025381
3421,26.805843243749944
3422,26.76132719243159
3423,26.716785554475745
3424,26.6722188980595
3425,26.627627791359846
3426,26.58301280255381
3427,26.53837449981843
3428,26.49371345133072
3429,26.449030225267723
3430,26.40432538980644
3431,26.359599513123936
3432,26.3148531633972
3433,26.270086908803258
3434,26.225301317519172
3435,26.18049695772196
3436,26.135674397588645
3437,26.090834205296247
3438,26.0459769490218
3439,26.00110319694233
3440,25.956213517234858
3441,25.911308478076418
3442,25.866388647644044
3443,25.821454594114744
3444,25.77650688566553
3445,25.731546090473483
3446,25.686572776715607
3447,25.641587512568925
3448,25.596590866210462
3449,25.551583405817244
3450,25.50656569956631
3451,25.46153831563467
3452,25.416501822199365
3453,25.371456787437413
3454,25.326403779525855
3455,25.28134336664167
3456,25.236276116961957
3457,25.19120259866371
3458,25.14612337992396
3459,25.101039028919722
3460,25.055950113828043
3461,25.01085720282593
3462,24.96576086409043
3463,24.92066166579856
3464,24.875560176127344
3465,24.830456963253777
3466,24.78535259535495
3467,24.740247640607873
3468,24.695142667189554
3469,24.650038243277034
3470,24.604934937047336
3471,24.55983331667748
3472,24.514733950344503
3473,24.469637406225427
3474,24.42454425249728
3475,24.379455057337097
3476,24.334370388921858
3477,24.289290815428664
3478,24.244216905034513
3479,24.199149225916425
3480,24.154088346251438
3481,24.109034834216562
3482,24.063989257988833
3483,24.018952185745285
3484,23.97392418566294
3485,23.928905825918825
3486,23.883897674689926
3487,23.838900300153348
3488,23.79391427048609
3489,23.748940153865167
3490,23.7039785184676
3491,23.659029932470435
3492,23.61409496405069
3493,23.56917418138539
3494,23.52426815265157
3495,23.47937744602625
3496,23.434502629686456
3497,23.38964427180919
3498,23.344802940571537
3499,23.2999792041505
3500,23.255173630723096
3501,23.210386788466362
3502,23.165619245557323
3503,23.120871570173
3504,23.076144330490422
3505,23.031438094686628
3506,22.986753430938627
3507,22.942090907423463
3508,22.89745109231812
3509,22.852834553799696
3510,22.80824186004518
3511,22.763673579231604
3512,22.71913027953599
3513,22.67461252913537
3514,22.630120896206773
3515,22.58565594892722
3516,22.54121825547374
3517,22.496808384023367
3518,22.4524269027531
3519,22.40807437984001
3520,22.363751383461103
3521,22.319458481793404
3522,22.27519624301395
3523,22.23096523529976
3524,22.186766026827872
3525,22.14259918577529
3526,22.098465280319065
3527,22.054364878636207
3528,22.01029854890376
3529,21.9662668592987
3530,21.922270377998128
3531,21.878309673179047
3532,21.83438531301848
3533,21.790497865693435
3534,21.746647899380967
3535,21.702835982258094
3536,21.659062682501837
3537,21.615328568289225
3538,21.571634207797295
3539,21.527980169203026
3540,21.48436702068352
3541,21.440795330415774
3542,21.397265666576804
3543,21.353778597343656
3544,21.310334690893335
3545,21.266934515402884
3546,21.22357863904932
3547,21.18026763000969
3548,21.137002056460993
3549,21.09378248658028
3550,21.050609488544534
3551,21.007483630530842
3552,20.964405480716213
3553,20.921375607277668
3554,20.878394578392225
3555,20.835462962236928
3556,20.792581326988792
3557,20.749750240824852
3558,20.70697027192213
3559,20.664241988457654
3560,20.621565958608457
3561,20.57894275055152
3562,20.53637293246395
3563,20.493857072522733
3564,20.451395738904903
3565,20.408989499787477
3566,20.36663892334749
3567,20.32434457776197
3568,20.282107031207946
3569,20.23992685186244
3570,20.197804607902476
3571,20.155740867505063
3572,20.113736198847274
3573,20.071791170106117
3574,20.029906349458617
3575,19.988082305081797
3576,19.946319605152688
3577,19.904618817848313
3578,19.86298051134571
3579,19.821405253821897
3580,19.779893613453897
3581,19.73844615841875
3582,19.69706345689345
3583,19.655746077055074
3584,19.614494587080628
3585,19.57330955514714
3586,19.532191549431634
3587,19.491141138111136
3588,19.450158889362676
3589,19.40924537136328
3590,19.368401152289977
3591,19.327626800319795
3592,19.286922883629728
3593,19.246289970396866
3594,19.2057286287982
3595,19.165239427010768
3596,19.124822933211586
3597,19.08447971557769
3598,19.044210342286103
3599,19.004015381513856
3600,18.963895401437966
3601,18.923850970235474
3602,18.883882656083404
3603,18.843991027158744
3604,18.80417665163859
3605,18.764440097699936
3606,18.72478193351981
3607,18.68520272727524
3608,18.64570304714325
3609,18.606283461300876
3610,18.56694453792513
3611,18.52768684519306
3612,18.488510951281672
3613,18.449417424368008
3614,18.410406832629057
3615,18.37147974424191
3616,18.332636727383566
3617,18.293878350231044
3618,18.255205180961376
3619,18.2166177877516
3620,18.178116738778726
3621,18.139702602219792
3622,18.10137594625182
3623,18.063137339051845
3624,18.024987348796856
3625,17.986926543663944
3626,17.948955491830098
3627,17.911074761472356
3628,17.873284920767745
3629,17.83558653789329
3630,17.79798018102601
3631,17.760466418342943
3632,17.723045818021113
3633,17.68571894823755
3634,17.64848637716927
3635,17.611348672993287
3636,17.57430640388668
3637,17.537360138026443
3638,17.500510443589604
3639,17.463757888753197
3640,17.42710304169424
3641,17.39054647058977
3642,17.35408874361681
3643,17.317730428952377
3644,17.281472094773513
3645,17.245314309257246
3646,17.20925764058057
3647,17.17330265692056
3648,17.137449926454224
3649,17.10170001735859
3650,17.06605349781068
3651,17.030510935987532
3652,16.99507290006616
3653,16.959739958223597
3654,16.924512678636873
3655,16.88939162948301
3656,16.854377378939013
3657,16.81947049518196
3658,16.784671546388854
3659,16.74998110073672
3660,16.715399726402588
3661,16.68092799156348
3662,16.646566464396425
3663,16.612315713078456
3664,16.578176305786595
3665,16.544148810697866
3666,16.510233795989304
3667,16.47643182983791
3668,16.442743480420756
3669,16.409169315914852
3670,16.375709904497214
3671,16.342365814344877
3672,16.309137613634867
3673,16.276025870544217
3674,16.243031153249945
3675,16.21015402992908
3676,16.177395068758653
3677,16.144754837915666
3678,16.11223390557719
3679,16.079832839920236
3680,16.047552209121825
3681,16.015392581358984
3682,15.983354524808748
3683,15.95143860764814
3684,15.919645398054183
3685,15.887975464203903
3686,15.856429374274338
3687,15.825007696442507
3688,15.793710998885416
3689,15.762539849780142
3690,15.73149481730368
3691,15.700576469633065
3692,15.66978537494532
3693,15.639122101417477
3694,15.60858721722656
3695,15.578181290549601
3696,15.547904889563618
3697,15.517758582445646
3698,15.48774293737271
3699,15.457858522521816
3700,15.42810590607003
3701,15.398485656194367
3702,15.368998341071846
3703,15.339644528879496
3704,15.310424787794346
3705,15.281339685993423
3706,15.252389791653755
3707,15.223575672952368
3708,15.194897898066287
3709,15.166357035172526
3710,15.137953652448141
3711,15.109688318070152
3712,15.08156160021558
3713,15.05357406706145
3714,15.025726286784794
3715,14.998018827562639
3716,14.970452257572006
3717,14.943027144989927
3718,14.915744057993432
3719,14.888603564759546
3720,14.861606233465274
3721,14.834752632287682
3722,14.80804332940378
3723,14.781478892990602
3724,14.755059891225162
3725,14.728786892284496
3726,14.70266046434563
3727,14.676681175585589
3728,14.650849594181398
3729,14.625166288310094
3730,14.599631826148675
3731,14.574246775874215
3732,14.549011705663716
3733,14.523927183694205
3734,14.49899377814271
3735,14.474212057186257
3736,14.449582589001883
3737,14.425105941766603
3738,14.40078268365745
3739,14.376613382851453
3740,14.352598607525636
3741,14.328738925857008
3742,14.305034906022629
3743,14.281487116199518
3744,14.258096124564695
3745,14.234862499295188
3746,14.211786808568027
3747,14.188869620560235
3748,14.166111503448843
3749,14.14351302541088
3750,14.121074754623365
3751,14.098797259263332
3752,14.076681107507794
3753,14.054726867533805
3754,14.032935107518378
3755,14.011306395638542
3756,13.989841300071319
3757,13.968540388993741
3758,13.947404230582837
3759,13.926433393015632
3760,13.905628444469151
3761,13.88498995312042
3762,13.86451848714646
3763,13.844214614724319
3764,13.824078904031015
3765,13.804111923243575
3766,13.784314240539022
3767,13.764686424094382
3768,13.745229042086692
3769,13.725942662692969
3770,13.706827854090246
3771,13.687885184455546
3772,13.669115221965903
3773,13.650518534798325
3774,13.632095691129868
3775,13.613847259137545
3776,13.595773806998384
3777,13.577875902889414
3778,13.560154114987661
3779,13.542609011470148
3780,13.52524116051391
3781,13.508051130295968
3782,13.491039488993351
3783,13.474206804783076
3784,13.457553645842193
3785,13.441080580347716
3786,13.424788176476675
3787,13.408677002406096
3788,13.392747626313005
3789,13.377000616374431
3790,13.3614365407674
3791,13.346055967668942
3792,13.33085946525608
3793,13.31584760170584
3794,13.301020945195248
3795,13.286380063901344
3796,13.27192552600115
3797,13.257657899671685
3798,13.243577753089983
3799,13.229685654433077
3800,13.215982171877979
3801,13.202467873601728
3802,13.189143327781347
3803,13.176009102593863
3804,13.163065766216304
3805,13.150313886825693
3806,13.137754032599062
3807,13.125386771713444
3808,13.11321267234586
3809,13.101232302673335
3810,13.089446230872905
3811,13.077855025121586
3812,13.06645925359641
3813,13.055259484474405
3814,13.044256285932597
3815,13.033450226148007
3816,13.02284187329768
3817,13.01243179555863
3818,13.002220561107887
3819,12.992208738122478
3820,12.98239689477943
3821,12.972785599255772
3822,12.963375419728528
3823,12.954166924374729
3824,12.9451606813714
3825,12.936357258895567
3826,12.927757225124253
3827,12.919361148234497
3828,12.911169596403326
3829,12.903183137807755
3830,12.895402340624821
3831,12.887827773031546
3832,12.880460003204963
3833,12.873299599322095
3834,12.866347129559966
3835,12.85960316209561
3836,12.853068265106053
3837,12.846743006768314
3838,12.840627955259432
3839,12.83472367875643
3840,12.829030745436334
3841,12.82354972347617
3842,12.818281181052967
3843,12.813225686343756
3844,12.808383807525558
3845,12.803756112775403
3846,12.799343170270319
3847,12.79514554818733
3848,12.791163814703465
3849,12.787398537995756
3850,12.783850286241224
3851,12.7805196276169
3852,12.777407130299808
3853,12.774513362466976
3854,12.771838892295435
3855,12.769384287962206
3856,12.767150117644322
3857,12.765136949518807
3858,12.763345351762688
3859,12.761775892552995
3860,12.760429140066755
3861,12.75930566248099
3862,12.758406027972732
3863,12.757730804719012
3864,12.75728056089685
3865,12.757055864683274
3866,12.757057284255318
3867,12.757285387790002
3868,12.757740743464353
3869,12.758423919455407
3870,12.75933548394018
3871,12.760476005095706
3872,12.761846051099013
3873,12.763446190127123
3874,12.765276990357068
3875,12.767339019965874
3876,12.769632847130566
3877,12.772159040028175
3878,12.774918166835723
3879,12.777910795730248
3880,12.781137494888762
3881,12.784598832488307
3882,12.788295376705896
3883,12.792227695718568
3884,12.796396357703344
3885,12.800801930837256
3886,12.805444983297326
3887,12.810326083260584
3888,12.815445798904058
3889,12.820804698404773
3890,12.82640334993976
3891,12.832242321686042
3892,12.838322181820647
3893,12.844643498520604
3894,12.851206839962941
3895,12.858012774324681
3896,12.865061869782856
3897,12.87235469451449
3898,12.879891816696611
3899,12.887673804506246
3900,12.895701226120433
3901,12.90397464971618
3902,12.912494643470525
3903,12.921261775560492
3904,12.930276614163112
3905,12.939539727455411
3906,12.949051683614412
3907,12.958813050817149
3908,12.968824397240645
3909,12.979086291061929
3910,12.989599300458028
3911,13.000363993605973
3912,13.011380938682782
3913,13.022650703865489
3914,13.034173857331119
3915,13.0459509672567
3916,13.057982601819257
3917,13.070269329195819
3918,13.082811717563418
3919,13.095610335099073
3920,13.108665749979819
3921,13.121978530382686
3922,13.135549244484686
3923,13.149378460462852
3924,13.163466746494219
3925,13.177814670755806
3926,13.19242280142465
3927,13.207291706677763
3928,13.222421954692187
3929,13.237814113644944
3930,13.253468751713058
3931,13.269386437073559
3932,13.285567737903486
3933,13.302013222379848
3934,13.31872345867967
3935,13.335699014979998
3936,13.352940459457841
3937,13.370448360290238
3938,13.388223285654213
3939,13.406265803726791
3940,13.424576482685005
3941,13.443155890705878
3942,13.462004595966436
3943,13.481123166643721
3944,13.500512170914737
3945,13.52017217695652
3946,13.540103752946099
3947,13.560307467060499
3948,13.580783887476754
3949,13.601533582371882
3950,13.62255711992292
3951,13.643855068306886
3952,13.665427995700814
3953,13.687276470281745
3954,13.709401060226671
3955,13.73180233371264
3956,13.754480858916677
3957,13.777437204015811
3958,13.800671937187067
3959,13.824185626607477
3960,13.84797884045406
3961,13.872052146903847
3962,13.89640611413387
3963,13.921041310321149
3964,13.945958303642733
3965,13.971157662275616
3966,13.996639954396835
3967,14.022405748183427
3968,14.048455611812415
3969,14.074790113460821
3970,14.101409821305682
3971,14.128315303524015
3972,14.155507128292857
3973,14.18298586378923
3974,14.210752078190183
3975,14.238806339672701
3976,14.267149216413834
3977,14.29578127659061
3978,14.32470308838005
3979,14.353915219959186
3980,14.383418239505048
3981,14.413212715194655
3982,14.443299215205043
3983,14.473678307713236
3984,14.504350560896256
3985,14.535316542931161
3986,14.56657682199493
3987,14.598131966264612
3988,14.629982543917235
3989,14.662129123129827
3990,14.694572272079412
3991,14.727312558943021
3992,14.76035055189768
3993,14.793686819120417
3994,14.827321928788256
3995,14.861256449078228
3996,14.895490948167383
3997,14.9300259942327
3998,14.96486215545123
3999,15.0
